SMILES,IE,Concentration_mM
[Br-].c1ccc(OCCC[n+]2ccccn2)cc1,0.9103,1
[Br-].c1ccc(OCCC[n+]2ccccn2)cc1,0.75,0.01
[Br-].c1ccc(OCCC[n+]2ccccn2)cc1,0.7703,0.1
[Br-].c1ccc(OCCC[n+]2ccccn2)cc1,0.6047,0.001
[N-]=[N+]=NCc1cc(CN2CCCCC2)c(O)c2ncccc12,0.57,0.001
[N-]=[N+]=NCc1cc(CN2CCCCC2)c(O)c2ncccc12,0.71,0.01
[N-]=[N+]=NCc1cc(CN2CCCCC2)c(O)c2ncccc12,0.85,0.1
[N-]=[N+]=NCc1cc(CN2CCCCC2)c(O)c2ncccc12,0.88,1
[N-]=[N+]=NCc1cc(CN2CCOCC2)c(O)c2ncccc12,0.78,0.001
[N-]=[N+]=NCc1cc(CN2CCOCC2)c(O)c2ncccc12,0.84,0.01
[N-]=[N+]=NCc1cc(CN2CCOCC2)c(O)c2ncccc12,0.86,0.1
[N-]=[N+]=NCc1cc(CN2CCOCC2)c(O)c2ncccc12,0.9,1
Brc1ccc(-n2ccnc2)cc1,0.564,1
Brc1ccc(-n2ccnc2)cc1,0.281,0.1
Brc1ccc(-n2ccnc2)cc1,0.455,0.5
Brc1ccc(-n2ccnc2)cc1,0.807,5
Brc1ccc2nc[nH]c2c1,0.607,1
Brc1ccc2nc[nH]c2c1,0.259,0.1
Brc1ccc2nc[nH]c2c1,0.497,0.5
Brc1ccc2nc[nH]c2c1,0.86,5
BrCCCCOc1cccc2cccnc12,0.975,1
BrCCCOc1cccc2cccnc12,0.957,1
BrCCOc1cccc2cccnc12,0.952,1
C#CCN1C(=O)c2ccccc2S1(=O)=O,0.9247,1
C(=N/c1ccc(-c2ccc(/N=C/c3ccsc3)cc2)cc1)\c1ccsc1,0.6264,0.01
C(=N/c1ccc(-c2ccc(/N=C/c3ccsc3)cc2)cc1)\c1ccsc1,0.7259,0.1
C(=N/c1ccc(-c2ccc(/N=C/c3ccsc3)cc2)cc1)\c1ccsc1,0.8041,0.25
C(=N/c1ccc(-c2ccc(/N=C/c3ccsc3)cc2)cc1)\c1ccsc1,0.544,0.005
C(=N/c1ccc(Cc2ccc(/N=C/c3ccsc3)cc2)cc1)\c1ccsc1,0.761,1
C(=N/c1ccc(Cc2ccc(/N=C/c3ccsc3)cc2)cc1)\c1ccsc1,0.539,0.1
C(=N/c1ccc(Cc2ccc(/N=C/c3ccsc3)cc2)cc1)\c1ccsc1,0.683,0.5
C(=N/c1ccc(Cc2ccc(/N=C/c3ccsc3)cc2)cc1)\c1ccsc1,0.889,5
C(=N/c1ccc(CCc2ccc(/N=C/c3ccsc3)cc2)cc1)\c1ccsc1,0.811,1
C(=N/c1ccc(CCc2ccc(/N=C/c3ccsc3)cc2)cc1)\c1ccsc1,0.32,0.1
C(=N/c1ccc(CCc2ccc(/N=C/c3ccsc3)cc2)cc1)\c1ccsc1,0.583,0.5
C(=N/c1ccc(CCc2ccc(/N=C/c3ccsc3)cc2)cc1)\c1ccsc1,0.914,5
C(=N/c1ccc(Oc2ccc(/N=C/c3ccccn3)cc2)cc1)\c1ccccn1,0.8114,1
C(=N/c1ccc(Oc2ccc(/N=C/c3ccccn3)cc2)cc1)\c1ccccn1,0.6934,0.5
C(=N/c1ccc(Oc2ccc(/N=C/c3ccccn3)cc2)cc1)\c1ccccn1,0.8898,5
C(=N/c1ccc(Oc2ccc(/N=C/c3ccsc3)cc2)cc1)\c1ccsc1,0.82,1
C(=N/c1ccc(Oc2ccc(/N=C/c3ccsc3)cc2)cc1)\c1ccsc1,0.577,0.1
C(=N/c1ccc(Oc2ccc(/N=C/c3ccsc3)cc2)cc1)\c1ccsc1,0.66,0.5
C(=N/c1ccc(Oc2ccc(/N=C/c3ccsc3)cc2)cc1)\c1ccsc1,0.916,5
C(=N/c1ccc(Oc2ccc(Oc3ccc(/N=C/c4ccccn4)cc3)cc2)cc1)\c1ccccn1,0.8783,1
C(=N/c1ccc(Oc2ccc(Oc3ccc(/N=C/c4ccccn4)cc3)cc2)cc1)\c1ccccn1,0.7604,0.5
C(=N/c1ccc(Oc2ccc(Oc3ccc(/N=C/c4ccccn4)cc3)cc2)cc1)\c1ccccn1,0.93,5
C(=N/c1ccc2sc3ccc(/N=C/c4cccs4)cc3c2c1)\c1cccs1,0.864,1
C(=N/c1ccc2sc3ccc(/N=C/c4cccs4)cc3c2c1)\c1cccs1,0.5803,0.01
C(=N/c1ccc2sc3ccc(/N=C/c4cccs4)cc3c2c1)\c1cccs1,0.7906,0.1
C(=N/c1ccc2sc3ccc(/N=C/c4cccs4)cc3c2c1)\c1cccs1,0.697,0.05
C(=N/c1ccc2sc3ccc(/N=C/c4cccs4)cc3c2c1)\c1cccs1,0.8217,0.5
C(=Nc1nc[nH]n1)c1ccc(C=Nc2nc[nH]n2)cc1,0.912,1
C(COc1nc(OCCOCC2CO2)nc(OCCOCC2CO2)n1)OCC1CO1,0.84,1
C(COc1nc(OCCOCC2CO2)nc(OCCOCC2CO2)n1)OCC1CO1,0.74,0.01
C(COc1nc(OCCOCC2CO2)nc(OCCOCC2CO2)n1)OCC1CO1,0.79,0.1
C(COc1nc(OCCOCC2CO2)nc(OCCOCC2CO2)n1)OCC1CO1,0.68,0.001
C/C(=N/c1ccc(-c2ccc(N)cc2)cc1)c1c(O)oc(C)cc1=O,0.4959,0.01
C/C(=N/c1ccc(-c2ccc(N)cc2)cc1)c1c(O)oc(C)cc1=O,0.7316,0.1
C/C(=N/c1ccc(-c2ccc(N)cc2)cc1)c1c(O)oc(C)cc1=O,0.7778,0.25
C/C(=N/c1ccc(-c2ccc(N)cc2)cc1)c1c(O)oc(C)cc1=O,0.4145,0.005
C/C(=N\c1ccccc1)c1c(O)cc(C)oc1=O,0.865,1
C/C(=N\c1ccccc1)c1c(O)cc(C)oc1=O,0.685,0.01
C/C(=N\c1ccccc1)c1c(O)cc(C)oc1=O,0.775,0.1
C/C(=N\c1ccccc1)c1c(O)cc(C)oc1=O,0.611,0.001
C/C(=N\c1ccccc1Cl)c1c(O)cc(C)oc1=O,0.814,1
C/C(=N\c1ccccc1Cl)c1c(O)cc(C)oc1=O,0.708,0.01
C/C(=N\c1ccccc1Cl)c1c(O)cc(C)oc1=O,0.78,0.1
C/C(=N\c1ccccc1Cl)c1c(O)cc(C)oc1=O,0.606,0.001
C[N+](C)(C)CCCCCCN1C(=O)C(=O)c2ccccc21,0.9207,1
C[N+](C)(CCCCCCCCBr)c1ccc(/C=N/c2ccc(/N=C/c3ccc([N+](C)(C)CCCCCCCCBr)cc3)cc2)cc1.[Br-].[Br-],0.7047,0.01
C[N+](C)(CCCCCCCCBr)c1ccc(/C=N/c2ccc(/N=C/c3ccc([N+](C)(C)CCCCCCCCBr)cc3)cc2)cc1.[Br-].[Br-],0.875,0.1
C[N+](C)(CCCCCCCCBr)c1ccc(/C=N/c2ccc(/N=C/c3ccc([N+](C)(C)CCCCCCCCBr)cc3)cc2)cc1.[Br-].[Br-],0.7889,0.05
C[N+](C)(CCCCCCCCBr)c1ccc(/C=N/c2ccc(/N=C/c3ccc([N+](C)(C)CCCCCCCCBr)cc3)cc2)cc1.[Br-].[Br-],0.9036,0.5
C[N+](C)(CCCCCCCCCCBr)c1ccc(/C=N/c2ccc(/N=C/c3ccc([N+](C)(C)CCCCCCCCCCBr)cc3)cc2)cc1.[Br-].[Br-],0.7769,0.01
C[N+](C)(CCCCCCCCCCBr)c1ccc(/C=N/c2ccc(/N=C/c3ccc([N+](C)(C)CCCCCCCCCCBr)cc3)cc2)cc1.[Br-].[Br-],0.8966,0.1
C[N+](C)(CCCCCCCCCCBr)c1ccc(/C=N/c2ccc(/N=C/c3ccc([N+](C)(C)CCCCCCCCCCBr)cc3)cc2)cc1.[Br-].[Br-],0.8227,0.05
C[N+](C)(CCCCCCCCCCBr)c1ccc(/C=N/c2ccc(/N=C/c3ccc([N+](C)(C)CCCCCCCCCCBr)cc3)cc2)cc1.[Br-].[Br-],0.9048,0.5
C[N+](C)(CCCCCCCCCCCCBr)c1ccc(/C=N/c2ccc(/N=C/c3ccc([N+](C)(C)CCCCCCCCCCCCBr)cc3)cc2)cc1.[Br-].[Br-],0.8224,0.01
C[N+](C)(CCCCCCCCCCCCBr)c1ccc(/C=N/c2ccc(/N=C/c3ccc([N+](C)(C)CCCCCCCCCCCCBr)cc3)cc2)cc1.[Br-].[Br-],0.891,0.1
C[N+](C)(CCCCCCCCCCCCBr)c1ccc(/C=N/c2ccc(/N=C/c3ccc([N+](C)(C)CCCCCCCCCCCCBr)cc3)cc2)cc1.[Br-].[Br-],0.8691,0.05
C[N+](C)(CCCCCCCCCCCCBr)c1ccc(/C=N/c2ccc(/N=C/c3ccc([N+](C)(C)CCCCCCCCCCCCBr)cc3)cc2)cc1.[Br-].[Br-],0.9094,0.5
C[NH+]1CCN(CCO)C1.O=S(=O)([N-]S(=O)(=O)C(F)(F)C(F)(F)F)C(F)(F)C(F)(F)F,0.3155,0.1
C[NH+]1CCN(CCO)C1.O=S(=O)([N-]S(=O)(=O)C(F)(F)C(F)(F)F)C(F)(F)C(F)(F)F,0.7482,0.5
C[NH+]1CCN(CCO)C1.O=S(=O)([N-]S(=O)(=O)C(F)(F)C(F)(F)F)C(F)(F)C(F)(F)F,0.4375,0.25
C[NH+]1CCN(CCO)C1.O=S(=O)([N-]S(=O)(=O)C(F)(F)C(F)(F)F)C(F)(F)C(F)(F)F,0.8337,1
C[NH+]1CCN(CCO)C1.O=S(=O)([N-]S(=O)(=O)C(F)(F)C(F)(F)F)C(F)(F)C(F)(F)F,0.862,1.25
C[NH+]1CCN(CCO)C1.O=S(=O)([N-]S(=O)(=O)C(F)(F)F)C(F)(F)F,0.0098,0.1
C[NH+]1CCN(CCO)C1.O=S(=O)([N-]S(=O)(=O)C(F)(F)F)C(F)(F)F,0.1792,0.5
C[NH+]1CCN(CCO)C1.O=S(=O)([N-]S(=O)(=O)C(F)(F)F)C(F)(F)F,0.0692,0.25
C[NH+]1CCN(CCO)C1.O=S(=O)([N-]S(=O)(=O)C(F)(F)F)C(F)(F)F,0.264,1
C[NH+]1CCN(CCO)C1.O=S(=O)([N-]S(=O)(=O)C(F)(F)F)C(F)(F)F,0.3104,1.25
C[NH+]1CCN(CCO)C1.O=S(=O)(F)[N-]S(=O)(=O)F,0.0395,0.1
C[NH+]1CCN(CCO)C1.O=S(=O)(F)[N-]S(=O)(=O)F,0.0842,0.5
C[NH+]1CCN(CCO)C1.O=S(=O)(F)[N-]S(=O)(=O)F,0.0542,0.25
C[NH+]1CCN(CCO)C1.O=S(=O)(F)[N-]S(=O)(=O)F,0.137,1
C[NH+]1CCN(CCO)C1.O=S(=O)(F)[N-]S(=O)(=O)F,0.1569,1.25
C=[N+]([O-])c1cc(Cl)cc2cc(C=O)c(Cl)cc12,0.95,1
C=C(/C=C(C)/N=C/C=C/c1ccc(OC)cc1)C(=O)O,0.9707,1
C=C(/C=C(C)/N=C/C=C/c1ccc(OC)cc1)C(=O)O,0.9031,0.1
C=C(/C=C(C)/N=C/C=C/c1ccc(OC)cc1)C(=O)O,0.9632,0.5
C=C(/C=C(C)/N=C/C=C/c1ccc(OC)cc1)C(=O)O,0.9496,0.25
C=C(/C=C(C)/N=C/C=C/c1ccc(OC)cc1)C(=O)O,0.9704,0.75
C=C(C)n1c(=O)n(Cc2ccc(O)c3ncccc23)c2ccccc21,0.936,1
C=C(C)n1c(=O)n(Cc2ccc(O)c3ncccc23)c2ccccc21,0.893,0.01
C=C(C)n1c(=O)n(Cc2ccc(O)c3ncccc23)c2ccccc21,0.907,0.1
C=C(C)n1c(=O)n(Cc2ccc(O)c3ncccc23)c2ccccc21,0.849,0.001
C=CCSc1nc2ccccc2[nH]1,0.937,1
C=CCSc1nc2ccccc2[nH]1,0.91,0.01
C=CCSc1nc2ccccc2[nH]1,0.923,0.1
C=CCSc1nc2ccccc2[nH]1,0.876,0.001
C1=Nc2cccc3cccc(c23)N1,0.8526,0.1
c1cc(-c2nc3ccccc3[nH]2)nc(-c2nc3ccccc3[nH]2)c1,0.97,1
c1cc(-c2nc3ccccc3s2)nc(-c2nc3ccccc3s2)c1,0.96,1
c1cc(-c2nc3ccccc3s2)nc(-c2nc3ccccc3s2)c1,0.85,0.1
c1cc(-c2nc3ccccc3s2)nc(-c2nc3ccccc3s2)c1,0.72,0.05
c1cc(-c2nc3ccccc3s2)nc(-c2nc3ccccc3s2)c1,0.93,0.5
c1cc(-c2nc3ccccc3s2)nc(-c2nc3ccccc3s2)c1,0.89,0.25
c1cc(-c2nnc(-c3ccsc3)s2)cs1,0.95,0.1
c1cc(-c2nnc(-c3ccsc3)s2)cs1,0.936,0.05
c1cc(-c2noc(-c3ccncc3)n2)ccn1,0.8112,0.2
c1cc(-c2noc(-c3ccncc3)n2)ccn1,0.836,0.4
c1cc(-c2noc(-c3ccncc3)n2)ccn1,0.912,0.8
c1cc(-c2noc(-c3ccncc3)n2)ccn1,0.9397,1.2
c1cc(N(CC2CO2)CC2CO2)ccc1Oc1ccc(N(CC2CO2)CC2CO2)cc1,0.913,1
c1cc(N(CC2CO2)CC2CO2)ccc1Oc1ccc(N(CC2CO2)CC2CO2)cc1,0.868,0.01
c1cc(N(CC2CO2)CC2CO2)ccc1Oc1ccc(N(CC2CO2)CC2CO2)cc1,0.885,0.1
c1cc(N(CC2CO2)CC2CO2)ccc1Oc1ccc(N(CC2CO2)CC2CO2)cc1,0.745,0.001
c1ccc(-c2ccccc2OCC2CO2)c(OCC2CO2)c1,0.958,1
c1ccc(-c2ccccc2OCC2CO2)c(OCC2CO2)c1,0.909,0.01
c1ccc(-c2ccccc2OCC2CO2)c(OCC2CO2)c1,0.915,0.1
c1ccc(-c2ccccc2OCC2CO2)c(OCC2CO2)c1,0.82,0.001
c1ccc(-c2nc3c4cccnc4c4ncccc4c3[nH]2)cc1,0.892,1
c1ccc(-c2nc3ccccc3[nH]2)cc1,0.879,1
c1ccc(-c2nc3ccccc3[nH]2)cc1,0.741,0.1
c1ccc(-c2nc3ccccc3[nH]2)cc1,0.818,0.5
c1ccc(-c2nc3ccccc3n2CCCCn2c(-c3ccccc3)nc3ccccc32)cc1,0.81,1
c1ccc(-c2nc3ccccc3n2CCCCn2c(-c3ccccc3)nc3ccccc32)cc1,0.67,0.1
c1ccc(-c2nc3ccccc3n2CCCCn2c(-c3ccccc3)nc3ccccc32)cc1,0.75,0.5
c1ccc(-c2nc3ccccc3n2CCCCn2c(-c3ccccc3)nc3ccccc32)cc1,0.88,5
c1ccc(-c2nnc(-c3ccccn3)c3c2[nH]c2ccccc23)nc1,0.505,0.01
c1ccc(-c2nnc(-c3ccccn3)c3c2[nH]c2ccccc23)nc1,0.902,0.1
c1ccc(-c2noc(-c3ccccn3)n2)nc1,0.8551,0.2
c1ccc(-c2noc(-c3ccccn3)n2)nc1,0.8726,0.4
c1ccc(-c2noc(-c3ccccn3)n2)nc1,0.9271,0.8
c1ccc(-c2noc(-c3ccccn3)n2)nc1,0.9544,1.2
c1ccc(Cc2ccc3ncccc3c2)cc1,0.9654,1
c1ccc(Cc2ccc3ncccc3c2)cc1,0.7318,0.1
c1ccc(Cc2ccc3ncccc3c2)cc1,0.9103,0.5
c1ccc(Cc2cccc3ncccc23)cc1,0.9474,1
c1ccc(N(CC2CO2)CC2CO2)cc1,0.963,1
c1ccc(N(CC2CO2)CC2CO2)cc1,0.948,0.01
c1ccc(N(CC2CO2)CC2CO2)cc1,0.954,0.1
c1ccc(N(CC2CO2)CC2CO2)cc1,0.928,0.001
c1ccc2[nH]c(-c3ccncc3)nc2c1,0.805,1
c1ccc2[nH]c(-c3ccncc3)nc2c1,0.695,0.1
c1ccc2[nH]c(-c3ccncc3)nc2c1,0.76,0.5
c1ccc2[nH]c(-c3ccncc3)nc2c1,0.715,0.25
c1ccc2[nH]c(-c3ccncc3)nc2c1,0.821,2
c1ccc2[nH]c(-c3cscn3)nc2c1,0.861,1
c1ccc2[nH]c(CCc3nc4ccccc4[nH]3)nc2c1,0.94,1
c1ccc2[nH]c(CCc3nc4ccccc4[nH]3)nc2c1,0.65,0.1
c1ccc2[nH]c(CN(Cc3nc4ccccc4[nH]3)Cc3nc4ccccc4[nH]3)nc2c1,0.92,1
c1ccc2[nH]c(CN(Cc3nc4ccccc4[nH]3)Cc3nc4ccccc4[nH]3)nc2c1,0.815,0.1
c1ccc2[nH]c(CN(Cc3nc4ccccc4[nH]3)Cc3nc4ccccc4[nH]3)nc2c1,0.869,0.5
c1ccc2[nH]c(CN(Cc3nc4ccccc4[nH]3)Cc3nc4ccccc4[nH]3)nc2c1,0.92,2
c1ccc2[nH]c(CNCc3nc4ccccc4[nH]3)nc2c1,0.886,1
c1ccc2[nH]c(CNCc3nc4ccccc4[nH]3)nc2c1,0.809,0.1
c1ccc2[nH]c(CNCc3nc4ccccc4[nH]3)nc2c1,0.857,0.5
c1ccc2[nH]c(CNCc3nc4ccccc4[nH]3)nc2c1,0.918,2
c1ccc2[nH]c(COCc3nc4ccccc4[nH]3)nc2c1,0.95,1
c1ccc2[nH]c(COCc3nc4ccccc4[nH]3)nc2c1,0.76,0.1
c1ccc2[nH]c(CSCc3nc4ccccc4[nH]3)nc2c1,0.96,1
c1ccc2[nH]c(CSCc3nc4ccccc4[nH]3)nc2c1,0.81,0.1
c1ccc2[nH]c(SCCCCCCCCCCCCSc3nc4ccccc4[nH]3)nc2c1,0.92,0.01
c1ccc2[nH]c(SCCCCCCCCCCCCSc3nc4ccccc4[nH]3)nc2c1,0.96,0.1
c1ccc2[nH]c(SCCCCCCCCCCCCSc3nc4ccccc4[nH]3)nc2c1,0.94,0.05
c1ccc2[nH]c(SCCCCCCCCCCCCSc3nc4ccccc4[nH]3)nc2c1,0.97,0.5
c1ccc2[nH]c(SCCCCCCSc3nc4ccccc4[nH]3)nc2c1,0.85,0.01
c1ccc2[nH]c(SCCCCCCSc3nc4ccccc4[nH]3)nc2c1,0.89,0.1
c1ccc2[nH]c(SCCCCCCSc3nc4ccccc4[nH]3)nc2c1,0.88,0.05
c1ccc2[nH]c(SCCCCCCSc3nc4ccccc4[nH]3)nc2c1,0.92,0.5
c1ccc2[nH]c(SCSc3nc4ccccc4[nH]3)nc2c1,0.971,1
c1ccc2[nH]c(SCSc3nc4ccccc4[nH]3)nc2c1,0.922,0.01
c1ccc2[nH]c(SCSc3nc4ccccc4[nH]3)nc2c1,0.965,0.1
c1ccc2[nH]c(SCSc3nc4ccccc4[nH]3)nc2c1,0.913,0.001
c1ccc2[nH]c(SSc3nc4ccccc4[nH]3)nc2c1,0.92,1
c1ccc2c(c1)[nH]c1cnccc12,0.67,0.2
c1ccc2c(c1)[nH]c1cnccc12,0.79,0.4
c1ccc2c(c1)[nH]c1cnccc12,0.9,0.8
c1ccc2c(c1)[nH]c1cnccc12,0.92,1.2
c1ccc2c(c1)N=C1CCCCC1C1(CCCCC1)N2,0.897,1
c1ccc2c(c1)OCCOc1ccccc1-c1nnc-2s1,0.932,0.01
c1ccc2c(c1)OCCOc1ccccc1-c1nnc-2s1,0.986,0.1
c1ccc2c(c1)OCCOc1ccccc1-c1nnc-2s1,0.957,0.05
c1ccc2c(c1)OCCOc1ccccc1-c1nnc-2s1,0.627,0.001
c1ccc2c(c1)OCCOCCOc1ccccc1-c1nnc-2s1,0.939,0.01
c1ccc2c(c1)OCCOCCOc1ccccc1-c1nnc-2s1,0.989,0.1
c1ccc2c(c1)OCCOCCOc1ccccc1-c1nnc-2s1,0.972,0.05
c1ccc2c(c1)OCCOCCOc1ccccc1-c1nnc-2s1,0.719,0.001
c1ccc2c(c1)OCCOCCOCCOc1ccccc1-c1nnc-2s1,0.953,0.01
c1ccc2c(c1)OCCOCCOCCOc1ccccc1-c1nnc-2s1,0.99,0.1
c1ccc2c(c1)OCCOCCOCCOc1ccccc1-c1nnc-2s1,0.985,0.05
c1ccc2c(c1)OCCOCCOCCOc1ccccc1-c1nnc-2s1,0.768,0.001
c1ccc2c(c1)OCCOCCOCCOCCOc1ccccc1-c1nnc-2s1,0.98,0.01
c1ccc2c(c1)OCCOCCOCCOCCOc1ccccc1-c1nnc-2s1,0.992,0.1
c1ccc2c(c1)OCCOCCOCCOCCOc1ccccc1-c1nnc-2s1,0.989,0.05
c1ccc2c(c1)OCCOCCOCCOCCOc1ccccc1-c1nnc-2s1,0.789,0.001
c1ccc2c(c1)OCCOCCOCCOCCOCCOc1ccccc1-c1nnc-2s1,0.991,0.01
c1ccc2c(c1)OCCOCCOCCOCCOCCOc1ccccc1-c1nnc-2s1,0.993,0.1
c1ccc2c(c1)OCCOCCOCCOCCOCCOc1ccccc1-c1nnc-2s1,0.992,0.05
c1ccc2c(c1)OCCOCCOCCOCCOCCOc1ccccc1-c1nnc-2s1,0.823,0.001
c1ccc2ncccc2c1,0.8296,1
c1ccc2sc(CCc3nc4ccccc4s3)nc2c1,0.91,1
c1ccc2sc(CCc3nc4ccccc4s3)nc2c1,0.68,0.1
c1ccc2sc(CCc3nc4ccccc4s3)nc2c1,0.56,0.05
c1ccc2sc(CCc3nc4ccccc4s3)nc2c1,0.88,0.5
c1ccc2sc(CCc3nc4ccccc4s3)nc2c1,0.79,0.25
c1ccc2sc(CSCc3nc4ccccc4s3)nc2c1,0.93,1
c1ccc2sc(CSCc3nc4ccccc4s3)nc2c1,0.81,0.1
c1ccc2sc(CSCc3nc4ccccc4s3)nc2c1,0.71,0.05
c1ccc2sc(CSCc3nc4ccccc4s3)nc2c1,0.91,0.5
c1ccc2sc(CSCc3nc4ccccc4s3)nc2c1,0.87,0.25
c1cnc2c(c1)c1nc(-c3ccc(-c4nc5c6cccnc6c6ncccc6c5[nH]4)cc3)[nH]c1c1cccnc12,0.903,1
c1cncc(-c2noc(-c3cccnc3)n2)c1,0.9185,0.2
c1cncc(-c2noc(-c3cccnc3)n2)c1,0.9354,0.4
c1cncc(-c2noc(-c3cccnc3)n2)c1,0.957,0.8
c1cncc(-c2noc(-c3cccnc3)n2)c1,0.9743,1.2
c1csc(-c2nnc(-c3cccs3)s2)c1,0.92,0.1
c1csc(-c2nnc(-c3cccs3)s2)c1,0.898,0.05
CC(=NOCn1cnnc1)c1cc(Cl)ccc1Cl,0.98,1
CC(=NOCn1cnnc1)c1ccc(Cl)c(Cl)c1,0.987,1
CC(=NOCn1cnnc1)c1ccc(Cl)cc1,0.968,1
CC(=NOCn1cnnc1)c1ccc(F)cc1,0.935,1
CC(=O)C(/N=N/c1ccccc1)=N\c1ccc(Br)cc1,0.8958,0.01
CC(=O)C(/N=N/c1ccccc1)=N\c1ccc(Br)cc1,0.9273,0.05
CC(=O)C(/N=N/c1ccccc1)=N\c1ccc(C)cc1,0.8988,0.01
CC(=O)C(/N=N/c1ccccc1)=N\c1ccc(C)cc1,0.9425,0.05
CC(=O)C(/N=N/c1ccccc1)=N\c1ccc(Cl)cc1,0.8079,0.01
CC(=O)C(/N=N/c1ccccc1)=N\c1ccc(Cl)cc1,0.9069,0.05
CC(=O)C(/N=N/c1ccccc1)=N\c1ccccc1,0.8974,0.01
CC(=O)C(/N=N/c1ccccc1)=N\c1ccccc1,0.9363,0.05
CC(=O)c1c(O)cc(C)oc1=O,0.806,1
CC(=O)c1ccc(-n2ccnc2)cc1,0.705,1
CC(=O)c1ccc(-n2ccnc2)cc1,0.438,0.1
CC(=O)c1ccc(-n2ccnc2)cc1,0.573,0.5
CC(=O)c1ccc(-n2ccnc2)cc1,0.772,5
CC(=O)COc1ccc(C(=O)/C=C/c2ccc(C)cc2)cc1,0.8537,1
CC(=O)COc1ccc(C(=O)/C=C/c2ccc(C)cc2)cc1,0.67,0.001
CC(=O)N1N=C(Cn2cncn2)OC1c1ccc([N+](=O)[O-])cc1,0.988,1
CC(=O)NCc1ccc(O)c2ncccc12,0.919,1
CC(C)(C)c1ccc(CSc2nnc(Cn3cncn3)o2)cc1,0.986,1
CC(C)(C)OC(=O)NCc1ccc(O)c2ncccc12,0.949,1
CC(C)(C)OC(=O)NCc1ccc(O)c2ncccc12,0.887,0.01
CC(C)(C)OC(=O)NCc1ccc(O)c2ncccc12,0.909,0.1
CC(C)(C)OC(=O)NCc1ccc(O)c2ncccc12,0.85,0.001
CC(C)(c1ccc(OC(=S)SCC2CO2)cc1)c1ccc(OC(=S)SCC2CO2)cc1,0.96,1
CC(C)(c1ccc(OC(=S)SCC2CO2)cc1)c1ccc(OC(=S)SCC2CO2)cc1,0.94,0.01
CC(C)(c1ccc(OC(=S)SCC2CO2)cc1)c1ccc(OC(=S)SCC2CO2)cc1,0.95,0.1
CC(C)(c1ccc(OC(=S)SCC2CO2)cc1)c1ccc(OC(=S)SCC2CO2)cc1,0.93,0.001
CC(C)(S)[C@@H](N)C(=O)O,0.3,1
CC(C)(S)[C@@H](N)C(=O)O,0.19,0.1
CC(C)(S)[C@@H](N)C(=O)O,0.24,0.5
CC(C)c1ccc(/C=N/Nc2ccc([N+](=O)[O-])cc2[N+](=O)[O-])cc1,0.9346,1
CC(C)c1ccc(/C=N/Nc2ccc([N+](=O)[O-])cc2[N+](=O)[O-])cc1,0.9204,0.1
CC(C)c1ccc(/C=N/Nc2ccc([N+](=O)[O-])cc2[N+](=O)[O-])cc1,0.9273,0.5
CC(C)c1ccc(/C=N/Nc2ccc([N+](=O)[O-])cc2[N+](=O)[O-])cc1,0.9682,5
CC(C)N(C(=S)NCc1ccccc1)C(C)C,0.92,0.01
CC(C)N(C(=S)NCc1ccccc1)C(C)C,0.96,0.1
CC(C)N(C(=S)NCc1ccccc1)C(C)C,0.83,0.005
CC(C)N(C(=S)NCc1ccccc1)C(C)C,0.97,0.2
CC(O)(O)c1[nH]/c(=N/N=C\c2ccc([N+](=O)[O-])cc2)sc1-c1ccc(Cl)cc1,0.6552,0.01
CC(O)(O)c1[nH]/c(=N/N=C\c2ccc([N+](=O)[O-])cc2)sc1-c1ccc(Cl)cc1,0.827,0.1
CC(O)(O)c1[nH]/c(=N/N=C\c2ccc([N+](=O)[O-])cc2)sc1-c1ccc(Cl)cc1,0.7533,0.05
CC(O)(O)c1[nH]/c(=N/N=C\c2ccc([N+](=O)[O-])cc2)sc1-c1ccc(Cl)cc1,0.8754,0.5
CC(O)(O)c1[nH]/c(=N/N=C\c2ccc(Cl)cc2)sc1-c1ccc(Cl)cc1,0.8035,0.01
CC(O)(O)c1[nH]/c(=N/N=C\c2ccc(Cl)cc2)sc1-c1ccc(Cl)cc1,0.8806,0.1
CC(O)(O)c1[nH]/c(=N/N=C\c2ccc(Cl)cc2)sc1-c1ccc(Cl)cc1,0.8504,0.05
CC(O)(O)c1[nH]/c(=N/N=C\c2ccc(Cl)cc2)sc1-c1ccc(Cl)cc1,0.9211,0.5
CC[C@]12CCCN3CCc4c(n(c5ccccc45)[C@@](O)(C(=O)OC)C1)[C@@H]32,0.794,1
CC[n+]1ccc(C(=O)N/N=C/c2ccc(F)cc2)cc1.[I-],0.888,1
CC[n+]1ccc(C(=O)N/N=C/c2ccc(F)cc2)cc1.[I-],0.543,0.1
CC[n+]1ccc(C(=O)N/N=C/c2ccc(F)cc2)cc1.[I-],0.511,0.05
CC[n+]1ccc(C(=O)N/N=C/c2ccc(F)cc2)cc1.[I-],0.815,0.5
CC1(C)COC(=S)N1,0.624,0.1
CC1(C)COC(=S)N1,0.847,2
CC1(C)COC(=S)N1,0.78,1
CC1(C)COC(=S)N1,0.743,0.4
CC1(C)S[C@@H]2[C@H](NC(=O)C(N)c3ccc(O)cc3)C(=O)N2C1C(=O)O,0.666,1
CC1(C)S[C@@H]2[C@H](NC(=O)C(N)c3ccccc3)C(=O)N2C1C(=O)O,0.824,1
CC1(C)S[C@@H]2[C@H](NC(=O)Cc3ccccc3)C(=O)N2C1C(=O)O,0.868,1
CC1(C)SC2C(NC(=O)C(N)c3ccc(O)cc3)C(=O)N2C1C(=O)O,0.362,0.1
CC1(C)SC2C(NC(=O)C(N)c3ccc(O)cc3)C(=O)N2C1C(=O)O,0.626,0.5
CC1(C)SC2C(NC(=O)C(N)c3ccc(O)cc3)C(=O)N2C1C(=O)O,0.934,5
CC1(C)SC2C(NC(=O)C(N)c3ccccc3)C(=O)N2C1C(=O)O,0.471,0.1
CC1(C)SC2C(NC(=O)C(N)c3ccccc3)C(=O)N2C1C(=O)O,0.673,0.5
CC1(C)SC2C(NC(=O)C(N)c3ccccc3)C(=O)N2C1C(=O)O,0.846,5
CC1(C)SC2C(NC(=O)Cc3ccccc3)C(=O)N2C1C(=O)O,0.586,0.1
CC1(C)SC2C(NC(=O)Cc3ccccc3)C(=O)N2C1C(=O)O,0.706,0.5
CC1(C)SC2C(NC(=O)Cc3ccccc3)C(=O)N2C1C(=O)O,0.92,5
CC1(c2ccccc2)Nc2ccccc2N=C2CCCCC21,0.933,1
Cc1cc(C)cc(C(O)NC(=S)NNC(=O)Cn2cncn2)c1,0.948,1
Cc1cc(C)cc(NC(=O)Cn2c(-c3ccc(Cl)cc3)nc3ccccc32)c1,0.95,1
Cc1cc(C)cc(NC(=O)Cn2c(-c3ccc(Cl)cc3)nc3ccccc32)c1,0.87,0.01
Cc1cc(C)cc(NC(=O)Cn2c(-c3ccc(Cl)cc3)nc3ccccc32)c1,0.892,0.1
Cc1cc(C)cc(NC(=O)Cn2c(-c3ccc(Cl)cc3)nc3ccccc32)c1,0.864,0.001
Cc1cc(C)n(CC(=O)N/N=C/c2ccc(Cl)cc2)n1,0.93,1
Cc1cc(C)n(CC(=O)N/N=C/c2ccc(Cl)cc2)n1,0.794,0.01
Cc1cc(C)n(CC(=O)N/N=C/c2ccc(Cl)cc2)n1,0.912,0.1
Cc1cc(C)n(CC(=O)N/N=C/c2ccc(Cl)cc2)n1,0.65,0.001
Cc1cc(C)n(CC(=O)N/N=C/c2ccc(Cl)cc2)n1,0.93,1
Cc1cc(C)n(CC(=O)N/N=C/c2ccccc2)n1,0.519,0.01
Cc1cc(C)n(CC(=O)N/N=C/c2ccccc2)n1,0.72,0.1
Cc1cc(C)n(CC(=O)N/N=C/c2ccccc2)n1,0.329,0.001
Cc1cc(C)n(CC(=O)N/N=C/c2ccccc2)n1,0.757,1
Cc1cc(Cc2nc3ccccc3[nH]2)n[nH]1,0.9219,5
Cc1cc(Cc2nc3ccccc3[nH]2)n[nH]1,0.8875,1
Cc1cc(Cc2nc3ccccc3[nH]2)n[nH]1,0.8849,0.5
Cc1cc(Cc2nc3ccccc3[nH]2)n[nH]1,0.8458,0.1
Cc1cc(NS(=O)(=O)c2ccc(N)cc2)no1,0.7473,0.01
Cc1cc(NS(=O)(=O)c2ccc(N)cc2)no1,0.864,0.05
Cc1cc(O)c(C(=O)/C=C/c2ccc(N(C)C)cc2)c(=O)o1,0.898,1
Cc1cc(O)c(C(=O)/C=C/c2ccc(N(C)C)cc2)c(=O)o1,0.836,0.01
Cc1cc(O)c(C(=O)/C=C/c2ccc(N(C)C)cc2)c(=O)o1,0.878,0.1
Cc1cc(O)c(C(=O)/C=C/c2ccc(N(C)C)cc2)c(=O)o1,0.709,0.001
Cc1cc(O)c(C(=O)/C=C/c2cccc3cccnc23)c(=O)o1,0.852,1
Cc1cc(O)c(C(=O)/C=C/c2cccc3cccnc23)c(=O)o1,0.711,0.01
Cc1cc(O)c(C(=O)/C=C/c2cccc3cccnc23)c(=O)o1,0.758,0.1
Cc1cc(O)c(C(=O)/C=C/c2cccc3cccnc23)c(=O)o1,0.705,0.001
Cc1cc2nc(-c3ccc(Br)cc3)n(Cc3ccc(O)c4ncccc34)c2cc1C,0.97,1
Cc1cc2nc(-c3ccc(Br)cc3)n(Cc3ccc(O)c4ncccc34)c2cc1C,0.87,0.01
Cc1cc2nc(-c3ccc(Br)cc3)n(Cc3ccc(O)c4ncccc34)c2cc1C,0.944,0.1
Cc1cc2nc(-c3ccc(Br)cc3)n(Cc3ccc(O)c4ncccc34)c2cc1C,0.773,0.001
Cc1ccc(/C=C/C(=O)c2ccc(OCC(=O)O)cc2)cc1,0.7153,0.01
Cc1ccc(/C=C/C(=O)c2ccc(OCC(=O)O)cc2)cc1,0.7808,0.1
Cc1ccc(/C=N/NC(=O)c2cccnc2)cc1,0.743,0.5
Cc1ccc(/C=N/NC(=O)c2cccnc2)cc1,0.631,0.25
Cc1ccc(/C=N/NC(=O)c2cccnc2)cc1,0.902,2
Cc1ccc(/C=N/NC(=O)c2cccnc2)cc1,0.815,1
Cc1ccc(/C=N/NC(=O)c2cccnc2)cc1,0.966,4
Cc1ccc(/C=N/Nc2ccc([N+](=O)[O-])cc2[N+](=O)[O-])cc1,0.8777,1
Cc1ccc(/C=N\N=c2\[nH]c(C(C)(O)O)c(-c3ccc(Cl)cc3)s2)cc1,0.6168,0.01
Cc1ccc(/C=N\N=c2\[nH]c(C(C)(O)O)c(-c3ccc(Cl)cc3)s2)cc1,0.7429,0.1
Cc1ccc(/C=N\N=c2\[nH]c(C(C)(O)O)c(-c3ccc(Cl)cc3)s2)cc1,0.7027,0.05
Cc1ccc(/C=N\N=c2\[nH]c(C(C)(O)O)c(-c3ccc(Cl)cc3)s2)cc1,0.7727,0.5
Cc1ccc(C=NNC(=S)Nc2ccccc2)cc1,0.8081,0.01
Cc1ccc(C2=NNC(c3ccc(OCC(=O)O)cc3)C2)cc1,0.64,0.01
Cc1ccc(C2=NNC(c3ccc(OCC(=O)O)cc3)C2)cc1,0.82,0.1
Cc1ccc(C2=NNC(c3ccc(OCC(=O)O)cc3)C2)cc1,0.75,0.05
Cc1ccc(C2=NNC(c3ccc(OCC(=O)O)cc3)C2)cc1,0.88,0.5
Cc1ccc(-c2nc3ccccc3c(=O)n2C)cc1,0.9227,1
Cc1ccc(-c2nc3ccccc3c(=O)n2C)cc1,0.8624,0.01
Cc1ccc(-c2nc3ccccc3c(=O)n2C)cc1,0.8892,0.1
Cc1ccc(-c2nc3ccccc3c(=O)n2C)cc1,0.8134,0.001
Cc1ccc(C2Nc3ccccc3SC2=O)cc1,0.92,1
Cc1ccc(C2Nc3ccccc3SC2=O)cc1,0.88,0.01
Cc1ccc(C2Nc3ccccc3SC2=O)cc1,0.89,0.1
Cc1ccc(N2C(=O)C=CC2=O)cc1,0.828,0.001
Cc1ccc(N2C(=O)C=CC2=O)cc1,0.89,0.01
Cc1ccc(N2C(=O)C=CC2=O)cc1,0.922,0.1
Cc1ccc(N2C(=O)C=CC2=O)cc1,0.965,1
Cc1ccc(NC(=O)Cn2c(-c3ccc(Cl)cc3)nc3ccccc32)cc1,0.946,1
Cc1ccc(NC(=O)Cn2c(-c3ccc(Cl)cc3)nc3ccccc32)cc1,0.86,0.01
Cc1ccc(NC(=O)Cn2c(-c3ccc(Cl)cc3)nc3ccccc32)cc1,0.87,0.1
Cc1ccc(NC(=O)Cn2c(-c3ccc(Cl)cc3)nc3ccccc32)cc1,0.782,0.001
Cc1ccc(NCc2ccc([N+](=O)[O-])o2)cc1,0.421,0.5
Cc1ccc(NCc2ccc(Br)o2)cc1,0.294,0.5
Cc1ccc(NCc2ccc(C)o2)cc1,0.502,0.5
Cc1ccc(O)c(/C=N/c2ccccc2O)c1,0.85,1
Cc1ccc(O)c(/C=N/c2ccccc2O)c1,0.74,0.5
Cc1ccc(O)c(/C=N/c2ccccc2O)c1,0.94,5
Cc1ccc(O)c(/C=N/c2ccccc2O)c1,0.91,2.5
Cc1ccc(S(=O)(=O)N/N=C/c2ccc(N(C)C)cc2)cc1,0.548,0.1
Cc1ccc(S(=O)(=O)N/N=C/c2ccc(N(C)C)cc2)cc1,0.7,0.5
Cc1ccccc1/C=N/c1ccccc1Sc1ccccc1,0.875,2
Cc1ccccc1/C=N/c1ccccc1Sc1ccccc1,0.651,0.25
Cc1ccccc1/C=N/c1ccccc1Sc1ccccc1,0.703,0.5
Cc1ccccc1/C=N/c1ccccc1Sc1ccccc1,0.842,1
Cc1ccccc1N,0.4313,1
Cc1ccccc1N=Cc1ccccc1O,0.93,1
Cc1ccccc1N=Cc1ccccc1O,0.91,0.5
Cc1n[nH]c(=S)n1/N=C/c1cccc(Cl)c1Cl,0.82,0.1
Cc1n[nH]c(=S)n1/N=C/c1cccc(Cl)c1Cl,0.691,0.05
Cc1n[nH]c(=S)n1/N=C/c1cccc(Cl)c1Cl,0.91,0.5
Cc1nc(-c2ccccc2)cs1,0.903,1
Cc1ncc[nH]1,0.241,1
Cc1ncc[nH]1,0.156,0.1
Cc1ncc[nH]1,0.178,0.5
Cc1ncc[nH]1,0.266,5
Cc1nccc2c1[nH]c1ccccc12,0.73,0.2
Cc1nccc2c1[nH]c1ccccc12,0.85,0.4
Cc1nccc2c1[nH]c1ccccc12,0.91,0.8
Cc1nccc2c1[nH]c1ccccc12,0.93,1.2
Cc1nnc(NS(=O)(=O)c2ccc(N)cc2)s1,0.6287,0.01
Cc1nnc(NS(=O)(=O)c2ccc(N)cc2)s1,0.8524,0.05
Cc1noc(NS(=O)(=O)c2ccc(N)cc2)c1C,0.6511,0.01
Cc1noc(NS(=O)(=O)c2ccc(N)cc2)c1C,0.8845,0.05
CCC[n+]1ccc(C(=O)N/N=C/c2ccc(F)cc2)cc1.[I-],0.886,1
CCC[n+]1ccc(C(=O)N/N=C/c2ccc(F)cc2)cc1.[I-],0.45,0.1
CCC[n+]1ccc(C(=O)N/N=C/c2ccc(F)cc2)cc1.[I-],0.37,0.05
CCC[n+]1ccc(C(=O)N/N=C/c2ccc(F)cc2)cc1.[I-],0.838,0.5
CCc1ccc(/C=N\NC(N)=S)cc1,0.864,0.1
CCc1ccc(/C=N\NC(N)=S)cc1,0.756,0.05
CCc1ccc(/C=N\NC(N)=S)cc1,0.908,0.2
CCc1ccc(/C=N\NC(N)=S)cc1,0.756,0.05
CCc1ccc(/C=N\NC(N)=S)cc1,0.937,0.3
CCc1ccccc1N,0.4988,1
CCCC[n+]1ccc(C(=O)N/N=C/c2ccc(F)cc2)cc1,0.635,0.1
CCCC[n+]1ccc(C(=O)N/N=C/c2ccc(F)cc2)cc1,0.631,0.05
CCCC[n+]1ccc(C(=O)N/N=C/c2ccc(F)cc2)cc1,0.842,0.5
CCCC[n+]1ccc(C(=O)N/N=C/c2ccc(F)cc2)cc1.[I-],0.923,1
CCCCC[n+]1ccc(C(=O)N/N=C/c2ccc(F)cc2)cc1.[I-],0.878,1
CCCCC[n+]1ccc(C(=O)N/N=C/c2ccc(F)cc2)cc1.[I-],0.446,0.1
CCCCC[n+]1ccc(C(=O)N/N=C/c2ccc(F)cc2)cc1.[I-],0.307,0.05
CCCCC[n+]1ccc(C(=O)N/N=C/c2ccc(F)cc2)cc1.[I-],0.809,0.5
CCCCc1nc(Cl)c(CO)n1Cc1ccc(-c2ccccc2-c2nnnn2[K])cc1,0.83,1
CCCCc1nc(Cl)c(CO)n1Cc1ccc(-c2ccccc2-c2nnnn2[K])cc1,0.802,0.5
CCCCc1nc(Cl)c(CO)n1Cc1ccc(-c2ccccc2-c2nnnn2[K])cc1,0.889,5
CCCCc1nc(Cl)c(CO)n1Cc1ccc(-c2ccccc2-c2nnnn2[K])cc1,0.802,0.5
CCCCc1nc(Cl)c(CO)n1Cc1ccc(-c2ccccc2-c2nnnn2[K])cc1,0.863,2
CCCCCC[N+](C)(C)CCNCc1ccc(OS(=O)(=O)C(F)(F)C(F)(F)C(F)(F)C(F)(F)C(F)(F)C(F)(F)F)cc1.[Br-],0.924,0.01
CCCCCC[N+](C)(C)CCNCc1ccc(OS(=O)(=O)C(F)(F)C(F)(F)C(F)(F)C(F)(F)C(F)(F)C(F)(F)F)cc1.[Br-],0.945,0.05
CCCCCC[N+](C)(C)CCNCc1ccc(OS(=O)(=O)C(F)(F)C(F)(F)C(F)(F)C(F)(F)C(F)(F)C(F)(F)F)cc1.[Br-],0.861,0.005
CCCCCC[N+](C)(C)CCNCc1ccc(OS(=O)(=O)C(F)(F)C(F)(F)C(F)(F)C(F)(F)C(F)(F)C(F)(F)F)cc1.[Br-],0.878,0.0075
CCCCCC[N+](C)(C)CCNCc1ccc(OS(=O)(=O)C(F)(F)C(F)(F)C(F)(F)C(F)(F)F)cc1.[Br-],0.838,0.01
CCCCCC[N+](C)(C)CCNCc1ccc(OS(=O)(=O)C(F)(F)C(F)(F)C(F)(F)C(F)(F)F)cc1.[Br-],0.918,0.05
CCCCCC[N+](C)(C)CCNCc1ccc(OS(=O)(=O)C(F)(F)C(F)(F)C(F)(F)C(F)(F)F)cc1.[Br-],0.529,0.005
CCCCCC[N+](C)(C)CCNCc1ccc(OS(=O)(=O)C(F)(F)C(F)(F)C(F)(F)C(F)(F)F)cc1.[Br-],0.675,0.0075
CCCCCCC[n+]1ccccn1.[I-],0.914,1
CCCCCCC[n+]1ccccn1.[I-],0.845,0.01
CCCCCCC[n+]1ccccn1.[I-],0.854,0.1
CCCCCCC[n+]1ccccn1.[I-],0.651,0.001
CCCCCCCC[N+](C)(C)c1ccc(/C=N/c2ccc(-c3ccc(/N=C/c4ccc([N+](C)(C)CCCCCCC)cc4)c(OC)c3)cc2OC)cc1.[Br-].[Br-],0.9727,1
CCCCCCCC[N+](C)(C)c1ccc(/C=N\c2cn(C)n(-c3ccccc3)c2=O)cc1.[Br-],0.7492,0.1
CCCCCCCC[N+](C)(C)c1ccc(/C=N\c2cn(C)n(-c3ccccc3)c2=O)cc1.[Br-],0.4028,0.05
CCCCCCCC[N+](C)(C)c1ccc(/C=N\c2cn(C)n(-c3ccccc3)c2=O)cc1.[Br-],0.8048,0.5
CCCCCCCC[N+](C)(C)c1ccc(/C=N\c2cn(C)n(-c3ccccc3)c2=O)cc1.[Br-],0.8648,5
CCCCCCCC[N+](C)(C)CCOCCO.[Br-],0.919,1
CCCCCCCC[N+](C)(C)CCOCCO.[Br-],0.755,0.01
CCCCCCCC[N+](C)(C)CCOCCO.[Br-],0.843,0.1
CCCCCCCC[N+](C)(C)CCOCCO.[Br-],0.808,0.05
CCCCCCCC[N+](C)(C)CCOCCO.[Br-],0.883,0.5
CCCCCCCC[N+](C)(C)CCOCCO.[Br-],0.71,0.005
CCCCCCCC[n+]1ccccn1.[I-],0.892,1
CCCCCCCC[n+]1ccccn1.[I-],0.809,0.01
CCCCCCCC[n+]1ccccn1.[I-],0.872,0.1
CCCCCCCC[n+]1ccccn1.[I-],0.74,0.001
CCCCCCCCC[N+](C)(C)c1ccc(/C=N/c2ccc(-c3ccc(/N=C/c4ccc([N+](C)(C)CCCCCCCCC)cc4)c(OC)c3)cc2OC)cc1.[Br-].[Br-],0.9535,0.1
CCCCCCCCC[N+](C)(C)c1ccc(/C=N/c2ccc(-c3ccc(/N=C/c4ccc([N+](C)(C)CCCCCCCCC)cc4)c(OC)c3)cc2OC)cc1.[Br-].[Br-],0.9061,0.05
CCCCCCCCC[N+](C)(C)c1ccc(/C=N/c2ccc(-c3ccc(/N=C/c4ccc([N+](C)(C)CCCCCCCCC)cc4)c(OC)c3)cc2OC)cc1.[Br-].[Br-],0.967,0.5
CCCCCCCCC[N+](C)(C)c1ccc(/C=N/c2ccc(-c3ccc(/N=C/c4ccc([N+](C)(C)CCCCCCCCC)cc4)c(OC)c3)cc2OC)cc1.[Br-].[Br-],0.9559,0.25
CCCCCCCCC[N+](C)(C)c1ccc(/C=N/c2ccc(-c3ccc(/N=C/c4ccc([N+](C)(C)CCCCCCCCC)cc4)c(OC)c3)cc2OC)cc1.[Br-].[Br-],0.967,5
CCCCCCCCC[N+](C)(C)c1ccc(/C=N/c2ccc(-c3ccc(/N=C/c4ccc([N+](C)(C)CCCCCCCCC)cc4)c(OC)c3)cc2OC)cc1.[Br-].[Br-],0.9559,2.5
CCCCCCCCC[n+]1ccccn1.[I-],0.877,1
CCCCCCCCC[n+]1ccccn1.[I-],0.779,0.01
CCCCCCCCC[n+]1ccccn1.[I-],0.854,0.1
CCCCCCCCC[n+]1ccccn1.[I-],0.73,0.001
CCCCCCCCCC[N+](C)(C)c1ccc(/C=N/C(=S)/N=C/c2ccc([N+](C)(C)CCCCCCCCCC)cc2)cc1.[Br-].[Br-],0.4472,0.01
CCCCCCCCCC[N+](C)(C)c1ccc(/C=N/C(=S)/N=C/c2ccc([N+](C)(C)CCCCCCCCCC)cc2)cc1.[Br-].[Br-],0.7287,0.1
CCCCCCCCCC[N+](C)(C)c1ccc(/C=N/C(=S)/N=C/c2ccc([N+](C)(C)CCCCCCCCCC)cc2)cc1.[Br-].[Br-],0.6025,0.05
CCCCCCCCCC[N+](C)(C)c1ccc(/C=N/C(=S)/N=C/c2ccc([N+](C)(C)CCCCCCCCCC)cc2)cc1.[Br-].[Br-],0.8778,0.5
CCCCCCCCCC[N+](C)(C)c1ccc(/C=N/c2ccc(-c3ccc(/N=C/c4ccc([N+](C)(C)CCCCCCCCC)cc4)c(OC)c3)cc2OC)cc1.[Br-].[Br-],0.9776,1
CCCCCCCCCC[N+](C)(C)c1ccc(C=NC(=S)N=Cc2ccc([N+](C)(C)CCCCCCCCCC)cc2)cc1.[Br-].[Br-],0.9346,1
CCCCCCCCCC[N+](C)(C)c1ccc(C=NC(=S)N=Cc2ccc([N+](C)(C)CCCCCCCCCC)cc2)cc1.[Br-].[Br-],0.9479,5
CCCCCCCCCC[N+](C)(C)c1ccc(C=NC(=S)N=Cc2ccc([N+](C)(C)CCCCCCCCCC)cc2)cc1.[Br-].[Br-],0.4472,0.01
CCCCCCCCCC[N+](C)(C)c1ccc(C=NC(=S)N=Cc2ccc([N+](C)(C)CCCCCCCCCC)cc2)cc1.[Br-].[Br-],0.6025,0.05
CCCCCCCCCC[N+](C)(C)c1ccc(C=NC(=S)N=Cc2ccc([N+](C)(C)CCCCCCCCCC)cc2)cc1.[Br-].[Br-],0.7287,0.1
CCCCCCCCCC[N+](C)(C)c1ccc(C=NC(=S)N=Cc2ccc([N+](C)(C)CCCCCCCCCC)cc2)cc1.[Br-].[Br-],0.8778,0.5
CCCCCCCCCCC[N+](C)(C)c1ccc(/C=N/c2ccc(-c3ccc(/N=C/c4ccc([N+](C)(C)CCCCCCCCCCC)cc4)c(OC)c3)cc2OC)cc1.[Br-].[Br-],0.9608,0.1
CCCCCCCCCCC[N+](C)(C)c1ccc(/C=N/c2ccc(-c3ccc(/N=C/c4ccc([N+](C)(C)CCCCCCCCCCC)cc4)c(OC)c3)cc2OC)cc1.[Br-].[Br-],0.9418,0.05
CCCCCCCCCCC[N+](C)(C)c1ccc(/C=N/c2ccc(-c3ccc(/N=C/c4ccc([N+](C)(C)CCCCCCCCCCC)cc4)c(OC)c3)cc2OC)cc1.[Br-].[Br-],0.9739,0.5
CCCCCCCCCCC[N+](C)(C)c1ccc(/C=N/c2ccc(-c3ccc(/N=C/c4ccc([N+](C)(C)CCCCCCCCCCC)cc4)c(OC)c3)cc2OC)cc1.[Br-].[Br-],0.9681,0.25
CCCCCCCCCCC[N+](C)(C)c1ccc(/C=N/c2ccc(-c3ccc(/N=C/c4ccc([N+](C)(C)CCCCCCCCCCC)cc4)c(OC)c3)cc2OC)cc1.[Br-].[Br-],0.9739,5
CCCCCCCCCCC[N+](C)(C)c1ccc(/C=N/c2ccc(-c3ccc(/N=C/c4ccc([N+](C)(C)CCCCCCCCCCC)cc4)c(OC)c3)cc2OC)cc1.[Br-].[Br-],0.9681,2.5
CCCCCCCCCCC1=Nn2cnnc2N(CCCCCCCCCC)C(=O)C1,0.939,0.01
CCCCCCCCCCC1=Nn2cnnc2N(CCCCCCCCCC)C(=O)C1,0.962,0.1
CCCCCCCCCCC1=Nn2cnnc2N(CCCCCCCCCC)C(=O)C1,0.971,1
CCCCCCCCCCC1=Nn2cnnc2N(CCCCCCCCCC)C(=O)C1,0.962,0.1
CCCCCCCCCCC1=Nn2cnnc2N(CCCCCCCCCC)C(=O)C1,0.939,0.01
CCCCCCCCCCC1=Nn2cnnc2N(CCCCCCCCCC)C(=O)C1,0.697,0.001
CCCCCCCCCCCC[N+](C)(C)c1ccc(/C=N/C(=S)/N=C/c2ccc([N+](C)(C)CCCCCCCCCCCC)cc2)cc1.[Br-].[Br-],0.4534,0.01
CCCCCCCCCCCC[N+](C)(C)c1ccc(/C=N/C(=S)/N=C/c2ccc([N+](C)(C)CCCCCCCCCCCC)cc2)cc1.[Br-].[Br-],0.7852,0.1
CCCCCCCCCCCC[N+](C)(C)c1ccc(/C=N/C(=S)/N=C/c2ccc([N+](C)(C)CCCCCCCCCCCC)cc2)cc1.[Br-].[Br-],0.6156,0.05
CCCCCCCCCCCC[N+](C)(C)c1ccc(/C=N/C(=S)/N=C/c2ccc([N+](C)(C)CCCCCCCCCCCC)cc2)cc1.[Br-].[Br-],0.9116,0.5
CCCCCCCCCCCC[N+](C)(C)c1ccc(/C=N/c2ccc(-c3ccc(/N=C/c4ccc([N+](C)(C)CCCCCCCCCCC)cc4)c(OC)c3)cc2OC)cc1.[Br-].[Br-],0.9711,1
CCCCCCCCCCCC[N+](C)(C)c1ccc(/C=N/c2cn(C)n(-c3ccccc3)c2=O)cc1.[Br-],0.9127,1
CCCCCCCCCCCC[N+](C)(C)c1ccc(/C=N/c2cn(C)n(-c3ccccc3)c2=O)cc1.[Br-],0.8648,0.1
CCCCCCCCCCCC[N+](C)(C)c1ccc(/C=N/c2cn(C)n(-c3ccccc3)c2=O)cc1.[Br-],0.7769,0.05
CCCCCCCCCCCC[N+](C)(C)c1ccc(/C=N/c2cn(C)n(-c3ccccc3)c2=O)cc1.[Br-],0.8875,0.5
CCCCCCCCCCCC[N+](C)(C)c1ccc(/C=N/c2cn(C)n(-c3ccccc3)c2=O)cc1.[Br-],0.94,5
CCCCCCCCCCCC[N+](C)(C)c1ccc(C=NC(=S)N=Cc2ccc([N+](C)(C)CCCCCCCCCCCC)cc2)cc1.[Br-].[Br-],0.9418,1
CCCCCCCCCCCC[N+](C)(C)c1ccc(C=NC(=S)N=Cc2ccc([N+](C)(C)CCCCCCCCCCCC)cc2)cc1.[Br-].[Br-],0.949,5
CCCCCCCCCCCC[N+](C)(C)c1ccc(C=NC(=S)N=Cc2ccc([N+](C)(C)CCCCCCCCCCCC)cc2)cc1.[Br-].[Br-],0.4534,0.01
CCCCCCCCCCCC[N+](C)(C)c1ccc(C=NC(=S)N=Cc2ccc([N+](C)(C)CCCCCCCCCCCC)cc2)cc1.[Br-].[Br-],0.6156,0.05
CCCCCCCCCCCC[N+](C)(C)c1ccc(C=NC(=S)N=Cc2ccc([N+](C)(C)CCCCCCCCCCCC)cc2)cc1.[Br-].[Br-],0.7852,0.1
CCCCCCCCCCCC[N+](C)(C)c1ccc(C=NC(=S)N=Cc2ccc([N+](C)(C)CCCCCCCCCCCC)cc2)cc1.[Br-].[Br-],0.9116,0.5
CCCCCCCCCCCC[N+](C)(C)CC(O)C(O)C[N+](C)(C)CCCCCCCCCCCC.[Br-].[Br-],0.87,0.01
CCCCCCCCCCCC[N+](C)(C)CCCC[N+](C)(C)CCCCCCCCCCCC.[Br-].[Br-],0.84,0.01
CCCCCCCCCCCC[N+](C)(C)CCOC(=O)C[N+](C)(C)CC/N=C/C=C/c1ccccc1.[Br-].[Cl-],0.9499,1
CCCCCCCCCCCC[N+](C)(C)CCOC(=O)C[N+](C)(C)CC/N=C/c1ccc(OC)cc1.[Br-].[Cl-],0.9544,1
CCCCCCCCCCCC[N+](C)(C)CCOC(=O)C[N+](C)(C)CC/N=C/c1ccco1.[Br-].[Cl-],0.9465,1
CCCCCCCCCCCC[N+](C)(C)CCOCCO.[Br-],0.934,1
CCCCCCCCCCCC[N+](C)(C)CCOCCO.[Br-],0.768,0.01
CCCCCCCCCCCC[N+](C)(C)CCOCCO.[Br-],0.851,0.1
CCCCCCCCCCCC[N+](C)(C)CCOCCO.[Br-],0.828,0.05
CCCCCCCCCCCC[N+](C)(C)CCOCCO.[Br-],0.893,0.5
CCCCCCCCCCCC[N+](C)(C)CCOCCO.[Br-],0.724,0.005
CCCCCCCCCCCCC[N+](C)(C)c1ccc(/C=N/c2ccc(-c3ccc(/N=C/c4ccc([N+](C)(C)CCCCCCCCCCCCC)cc4)c(OC)c3)cc2OC)cc1.[Br-].[Br-],0.9691,0.1
CCCCCCCCCCCCC[N+](C)(C)c1ccc(/C=N/c2ccc(-c3ccc(/N=C/c4ccc([N+](C)(C)CCCCCCCCCCCCC)cc4)c(OC)c3)cc2OC)cc1.[Br-].[Br-],0.9636,0.05
CCCCCCCCCCCCC[N+](C)(C)c1ccc(/C=N/c2ccc(-c3ccc(/N=C/c4ccc([N+](C)(C)CCCCCCCCCCCCC)cc4)c(OC)c3)cc2OC)cc1.[Br-].[Br-],0.971,0.5
CCCCCCCCCCCCC[N+](C)(C)c1ccc(/C=N/c2ccc(-c3ccc(/N=C/c4ccc([N+](C)(C)CCCCCCCCCCCCC)cc4)c(OC)c3)cc2OC)cc1.[Br-].[Br-],0.8291,0.25
CCCCCCCCCCCCC[N+](C)(C)c1ccc(/C=N/c2ccc(-c3ccc(/N=C/c4ccc([N+](C)(C)CCCCCCCCCCCCC)cc4)c(OC)c3)cc2OC)cc1.[Br-].[Br-],0.971,5
CCCCCCCCCCCCC[N+](C)(C)c1ccc(/C=N/c2ccc(-c3ccc(/N=C/c4ccc([N+](C)(C)CCCCCCCCCCCCC)cc4)c(OC)c3)cc2OC)cc1.[Br-].[Br-],0.8291,2.5
[Br-].c1ccc(CCn2cc[n+](CCc3ccccc3)c2)cc1,0.921,0.5
[Br-].c1ccc(CCn2cc[n+](CCc3ccccc3)c2)cc1,0.957,1
CCCCCCCCCCCCCCC1C=Nn2cnnc2N(CCCCCCCCCCCCCC)C1=O,0.978,1
CCCCCCCCCCCCCCC1C=Nn2cnnc2N(CCCCCCCCCCCCCC)C1=O,0.957,0.1
CCCCCCCCCCCCCCC1C=Nn2cnnc2N(CCCCCCCCCCCCCC)C1=O,0.953,0.01
CCCCCCCCCCCCCCC1C=Nn2cnnc2N(CCCCCCCCCCCCCC)C1=O,0.942,0.001
CCCCCCCCCCCCCCCC[N+](C)(C)c1ccc(/C=N/C(=S)/N=C/c2ccc([N+](C)(C)CCCCCCCCCCCCCCCC)cc2)cc1.[Br-].[Br-],0.5036,0.01
CCCCCCCCCCCCCCCC[N+](C)(C)c1ccc(/C=N/C(=S)/N=C/c2ccc([N+](C)(C)CCCCCCCCCCCCCCCC)cc2)cc1.[Br-].[Br-],0.8539,0.1
CCCCCCCCCCCCCCCC[N+](C)(C)c1ccc(/C=N/C(=S)/N=C/c2ccc([N+](C)(C)CCCCCCCCCCCCCCCC)cc2)cc1.[Br-].[Br-],0.6798,0.05
CCCCCCCCCCCCCCCC[N+](C)(C)c1ccc(/C=N/C(=S)/N=C/c2ccc([N+](C)(C)CCCCCCCCCCCCCCCC)cc2)cc1.[Br-].[Br-],0.9465,0.5
CCCCCCCCCCCCCCCC[N+](C)(C)c1ccc(/C=N/c2cn(C)n(-c3ccccc3)c2=O)cc1.[Br-],0.9401,1
CCCCCCCCCCCCCCCC[N+](C)(C)c1ccc(/C=N/c2cn(C)n(-c3ccccc3)c2=O)cc1.[Br-],0.8835,0.1
CCCCCCCCCCCCCCCC[N+](C)(C)c1ccc(/C=N/c2cn(C)n(-c3ccccc3)c2=O)cc1.[Br-],0.7492,0.05
CCCCCCCCCCCCCCCC[N+](C)(C)c1ccc(/C=N/c2cn(C)n(-c3ccccc3)c2=O)cc1.[Br-],0.9161,0.5
CCCCCCCCCCCCCCCC[N+](C)(C)c1ccc(/C=N/c2cn(C)n(-c3ccccc3)c2=O)cc1.[Br-],0.9565,5
CCCCCCCCCCCCCCCC[N+](C)(C)c1ccc(C=NC(=S)N=Cc2ccc([N+](C)(C)CCCCCCCCCCCCCCCC)cc2)cc1.[Br-].[Br-],0.9504,1
CCCCCCCCCCCCCCCC[N+](C)(C)c1ccc(C=NC(=S)N=Cc2ccc([N+](C)(C)CCCCCCCCCCCCCCCC)cc2)cc1.[Br-].[Br-],0.9553,5
CCCCCCCCCCCCCCCC[N+](C)(C)c1ccc(C=NC(=S)N=Cc2ccc([N+](C)(C)CCCCCCCCCCCCCCCC)cc2)cc1.[Br-].[Br-],0.5036,0.01
CCCCCCCCCCCCCCCC[N+](C)(C)c1ccc(C=NC(=S)N=Cc2ccc([N+](C)(C)CCCCCCCCCCCCCCCC)cc2)cc1.[Br-].[Br-],0.6798,0.05
CCCCCCCCCCCCCCCC[N+](C)(C)c1ccc(C=NC(=S)N=Cc2ccc([N+](C)(C)CCCCCCCCCCCCCCCC)cc2)cc1.[Br-].[Br-],0.8539,0.1
CCCCCCCCCCCCCCCC[N+](C)(C)c1ccc(C=NC(=S)N=Cc2ccc([N+](C)(C)CCCCCCCCCCCCCCCC)cc2)cc1.[Br-].[Br-],0.9465,0.5
CCCCCCCCCCCCCCCC[N+](C)(C)CCCNC(=O)CCCCCCCCCCCCCCC.[Br-],0.985,1
CCCCCCCCCCCCCCCC[N+](C)(C)CCCNC(=O)CCCCCCCCCCCCCCC.[Br-],0.946,0.01
CCCCCCCCCCCCCCCC[N+](C)(C)CCCNC(=O)CCCCCCCCCCCCCCC.[Br-],0.886,0.05
CCCCCCCCCCCCCCCC[N+](C)(C)CCCNC(=O)CCCCCCCCCCCCCCC.[Br-],0.981,0.5
CCCCCCCCCCCCCCCC[N+](C)(C)CCCNC(=O)CCCCCCCCCCCCCCC.[Br-],0.843,0.01
CCCCCCCCCCCCCCCC[N+](C)(C)CCCNC(=O)CCCCCCCCCCCCCCC.[Br-],0.634,0.005
CCCCCCCCCCCCCCCC[N+](C)(C)CCCNC(=O)CCCCCCCCCCCCCCC.[Br-],0.886,0.05
CCCCCCCCCCCCCCCC[N+](C)(C)CCCNC(=O)CCCCCCCCCCCCCCC.[Br-],0.946,0.1
CCCCCCCCCCCCCCCC[N+](C)(C)CCCNC(=O)CCCCCCCCCCCCCCC.[Br-],0.981,0.5
CCCCCCCCCCCCCCCC[N+](C)(C)CCCNC(=O)CCCCCCCCCCCCCCC.[Br-],0.985,1
CCCCCCCCCCCCCCCCCN1C(=O)CSc2ccccc21,0.668,0.001
CCCCCCCCCCCCCCCCCN1C(=O)CSc2ccccc21,0.706,0.01
CCCCCCCCCCCCCCCCCN1C(=O)CSc2ccccc21,0.883,0.1
CCCCCCCCCCCCCCCCCN1C(=O)CSc2ccccc21,0.93,1
CCCCCCCCCCCCCCCCOP(=O)([O-])Oc1ccc(/C=N/CC[N+](C)(C)CCCCCCCCCCCCCCCC)cc1OC.[Br-].[Na+],0.9227,1
CCCCCCCCCCCCCSc1nc2ccccc2[nH]1,0.957,1
CCCCCCCCCCCCOC1C(C2CO2)OC2OC(C)(C)OC21,0.901,0.01
CCCCCCCCCCCCOC1C(C2CO2)OC2OC(C)(C)OC21,0.922,0.1
CCCCCCCCCCCCOC1C2OC(C)(C)O[C@H]2O[C@]12CO2,0.944,1
CCCCCCCCCCCCOP(=O)([O-])Oc1ccc(/C=N/CC[N+](C)(C)CCCCCCCCCCCC)cc1OC.[Br-].[Na+],0.9085,1
CCCCCCCCCCCCCSc1nc2ccccc2[nH]1,0.91,0.1
CCCCCCCCn1cc[n+](C)c1.F[P-](F)(F)(F)(F)F,0.8298,1
CCCCCCCCNc1nc(NCCCN(C)C)nc(NCCCN(C)C)n1,0.9653,1
CCCCCCCCNc1nc(NCCCN(C)C)nc(NCCCN(C)C)n1,0.9491,0.1
CCCCCCCCNc1nc(NCCCN(C)C)nc(NCCCN(C)C)n1,0.8528,0.05
CCCCCCCCNc1nc(NCCCN(C)C)nc(NCCCN(C)C)n1,0.9609,0.5
CCCCCCCCNc1nc(NCCCN(C)C)nc(NCCCN(C)C)n1,0.9464,0.25
CCCCCCCCNc1nc(NCCCN(C)C)nc(Sc2nnc(C)s2)n1,0.9672,1
CCCCCCCCNc1nc(NCCCN(C)C)nc(Sc2nnc(C)s2)n1,0.9541,0.1
CCCCCCCCNc1nc(NCCCN(C)C)nc(Sc2nnc(C)s2)n1,0.9045,0.05
CCCCCCCCNc1nc(NCCCN(C)C)nc(Sc2nnc(C)s2)n1,0.9653,0.5
CCCCCCCCNc1nc(NCCCN(C)C)nc(Sc2nnc(C)s2)n1,0.9618,0.25
CCCCCCCCOP(=O)([O-])Oc1ccc(/C=N/CC[N+](C)(C)CCCCCCCC)cc1OC.[Br-].[Na+],0.9009,1
CCCCCCn1cc[n+](C)c1.[I-],0.924,1
CCCCCCn1cc[n+](C)c1.[I-],0.747,0.1
CCCCCCn1cc[n+](C)c1.[I-],0.587,0.05
CCCCCCn1cc[n+](C)c1.[I-],0.851,0.5
CCCCCCn1cc[n+](C)c1.[I-],0.936,5
CCCCCCNc1nc(NCCCN(C)C)nc(Nc2nc3ccccc3[nH]2)n1,0.9704,5
CCCCCCNc1nc(NCCCN(C)C)nc(Nc2nc3ccccc3[nH]2)n1,0.9366,0.05
CCCCCCNc1nc(NCCCN(C)C)nc(Nc2nc3ccccc3[nH]2)n1,0.9501,0.1
CCCCCCNc1nc(NCCCN(C)C)nc(Nc2nc3ccccc3[nH]2)n1,0.959,0.5
CCCCCCNc1nc(NCCCN(C)C)nc(Nc2nc3ccccc3[nH]2)n1,0.9688,1
CCCCCCNc1nc(NCCCN(C)C)nc(Nc2nc3ccccc3[nH]2)n1,0.9702,3
CCCCCCOC1C(C2CO2)OC2OC(C)(C)OC21,0.868,0.01
CCCCCCOC1C(C2CO2)OC2OC(C)(C)OC21,0.904,0.1
CCCCCCOC1C(C2CO2)OC2OC(C)(C)OC21,0.946,1
[Br-].c1ccc(CCn2cc[n+](CCc3ccccc3)c2)cc1,0.874,0.1
CCCCCCSc1nc2ccccc2[nH]1,0.83,0.1
CCCCCCSc1ncn[nH]1,0.91,1
CCCCCCSc1ncnn1N,0.87,0.01
CCCCCCSc1ncnn1N,0.9,0.1
CCCCCCSc1ncnn1N,0.86,0.001
CCCCCCSc1ncnn1N,0.91,1
CCCCn1cc[n+](C)c1.[I-],0.824,1
CCCCn1cc[n+](C)c1.[I-],0.592,0.1
CCCCn1cc[n+](C)c1.[I-],0.453,0.05
CCCCn1cc[n+](C)c1.[I-],0.745,0.5
CCCCn1cc[n+](C)c1.[I-],0.881,5
CCCN(CCC)Cc1ccc2cccnc2c1O,0.94,1
CCCN(CCC)Cc1ccc2cccnc2c1O,0.866,0.01
CCCN(CCC)Cc1ccc2cccnc2c1O,0.903,0.1
CCCN(CCC)Cc1ccc2cccnc2c1O,0.817,0.001
CCCn1cc[n+](C)c1.[I-],0.774,1
CCCn1cc[n+](C)c1.[I-],0.589,0.1
CCCn1cc[n+](C)c1.[I-],0.292,0.05
CCCn1cc[n+](C)c1.[I-],0.707,0.5
CCCn1cc[n+](C)c1.[I-],0.839,5
CCN(CC)c1ccc(/C=N\c2nnc(S)s2)cc1,0.962,0.5
CCN(CC)c1ccc(/C=N\c2nnc(S)s2)cc1,0.985,2
CCN(CC)c1ccc(/C=N\c2nnc(S)s2)cc1,0.969,1
CCN(CC)c1ccc(/C=N\c2nnc(S)s2)cc1,0.989,3
CCN(CC)c1ccc(C=Nc2nnc(S)s2)cc1,0.969,1
CCN(CC)CCN1C(=O)C(=O)c2cc(Br)ccc21,0.935,1
CCN(CC)CCN1C(=O)C(=O)c2cc(Br)ccc21,0.862,0.01
CCN(CC)CCN1C(=O)C(=O)c2cc(Br)ccc21,0.903,0.1
CCN(CC)CCN1C(=O)C(=O)c2cc(Br)ccc21,0.792,0.001
CCN(CC)CCN1C(=O)C(=O)c2cc(F)ccc21,0.906,1
CCN(CC)CCN1C(=O)C(=O)c2cc(F)ccc21,0.743,0.01
CCN(CC)CCN1C(=O)C(=O)c2cc(F)ccc21,0.86,0.1
CCN(CC)CCN1C(=O)C(=O)c2cc(F)ccc21,0.582,0.001
CCN(CC)CCN1C(=O)C(=O)c2ccccc21,0.888,1
CCN(CC)CCN1C(=O)C(=O)c2ccccc21,0.703,0.01
CCN(CC)CCN1C(=O)C(=O)c2ccccc21,0.843,0.1
CCN(CC)CCN1C(=O)C(=O)c2ccccc21,0.259,0.001
CCN(CC)CCOCc1ccc(O)c2ncccc12,0.937,1
CCN(CC)CCOCc1ccc(O)c2ncccc12,0.873,0.01
CCN(CC)CCOCc1ccc(O)c2ncccc12,0.878,0.1
CCN(CC)CCOCc1ccc(O)c2ncccc12,0.871,0.001
CCN1C(=O)CC(C)=Nn2cnnc21,0.969,1
CCN1C(=O)CC(C)=Nn2cnnc21,0.956,0.1
CCN1C(=O)CC(C)=Nn2cnnc21,0.904,0.01
CCN1C(=O)CC(C)=Nn2cnnc21,0.865,0.001
CCn1cc[n+](C)c1.F[P-](F)(F)(F)(F)F,0.6205,1
CCOC(=O)C1=C(c2ccccc2)C(C#N)=C(N)OC1C,0.68,1
CCOC(=O)C1N=NN(CC2(CC)COC(c3ccccc3)=N2)C1C(=O)OCC,0.925,1
CCOC(=O)C1N=NN(CC2(CC)COC(c3ccccc3)=N2)C1C(=O)OCC,0.782,0.01
CCOC(=O)C1N=NN(CC2(CC)COC(c3ccccc3)=N2)C1C(=O)OCC,0.826,0.1
CCOC(=O)C1N=NN(CC2(CC)COC(c3ccccc3)=N2)C1C(=O)OCC,0.538,0.001
CCOC(=O)CC(=O)NCc1ccc(O)c2ncccc12,0.832,1
CCOC(=O)CC(=O)NCc1ccc(O)c2ncccc12,0.671,0.01
CCOC(=O)CC(=O)NCc1ccc(O)c2ncccc12,0.773,0.1
CCOC(=O)CC(=O)NCc1ccc(O)c2ncccc12,0.59,0.001
CCOc1ccc(/C=N/NC(N)=S)cc1,0.81,1
CCOc1ccccc1N,0.5526,1
CCOP(=O)(O)C(NC)c1cccc(OC)c1,0.8664,1
CCOP(=O)(O)C(NC)c1cccc(OC)c1,0.432,0.01
CCOP(=O)(O)C(NC)c1cccc(OC)c1,0.7176,0.1
CCOP(=O)(O)C(NC)c1cccc(OC)c1,0.5068,0.05
CCOP(=O)(O)C(NC)c1cccc(OC)c1,0.7983,0.5
CCOP(=O)(O)C(NC)c1ccccc1OC,0.9406,1
CCOP(=O)(O)C(NC)c1ccccc1OC,0.6268,0.01
CCOP(=O)(O)C(NC)c1ccccc1OC,0.7687,0.1
CCOP(=O)(O)C(NC)c1ccccc1OC,0.7153,0.05
CCOP(=O)(O)C(NC)c1ccccc1OC,0.8194,0.5
CCOP(=O)(OCC)C(O)c1ccccc1,0.71,0.1
CCOP(=O)(OCC)C(O)c1ccccc1,0.74,0.2
CCOP(=O)(OCC)C(O)c1ccccc1,0.81,0.3
CCOP(=O)(OCC)C(O)c1ccccc1,0.84,0.4
Clc1ccc(/C=N/c2ccc(-c3ccc(/N=C/c4ccc(Cl)cc4)cc3)cc2)cc1,0.9072,0.1
Clc1ccc(/C=N/c2ccc(-c3ccc(/N=C/c4ccc(Cl)cc4)cc3)cc2)cc1,0.7495,0.05
Clc1ccc(/C=N/c2ccc(-c3ccc(/N=C/c4ccc(Cl)cc4)cc3)cc2)cc1,0.9587,0.5
Clc1ccc(/C=N/c2ccc(-c3ccc(/N=C/c4ccc(Cl)cc4)cc3)cc2)cc1,0.9287,0.25
Clc1ccc(/C=N/c2ccc(-c3ccc(/N=C/c4ccc(Cl)cc4)cc3)cc2)cc1,0.8337,0.075
Clc1ccc(-c2nc3ccccc3n2CCCCn2c(-c3ccc(Cl)cc3)nc3ccccc32)cc1,0.89,1
Clc1ccc(-c2nc3ccccc3n2CCCCn2c(-c3ccc(Cl)cc3)nc3ccccc32)cc1,0.79,0.1
Clc1ccc(-c2nc3ccccc3n2CCCCn2c(-c3ccc(Cl)cc3)nc3ccccc32)cc1,0.86,0.5
Clc1ccc(-c2nc3ccccc3n2CCCCn2c(-c3ccc(Cl)cc3)nc3ccccc32)cc1,0.94,5
Clc1ccc(-n2ccnc2)cc1,0.513,1
Clc1ccc(-n2ccnc2)cc1,0.246,0.1
Clc1ccc(-n2ccnc2)cc1,0.413,0.5
Clc1ccc(-n2ccnc2)cc1,0.629,5
Clc1cccc(-n2ccnc2)c1,0.572,1
Clc1cccc(-n2ccnc2)c1,0.518,0.1
Clc1cccc(-n2ccnc2)c1,0.584,0.5
Clc1cccc(-n2ccnc2)c1,0.632,5
Clc1ccccc1-n1ccnc1,0.519,1
Clc1ccccc1-n1ccnc1,0.441,0.1
Clc1ccccc1-n1ccnc1,0.451,0.5
Clc1ccccc1-n1ccnc1,0.586,5
Clc1ncc[nH]1,0.477,1
Clc1ncc[nH]1,0.394,0.1
Clc1ncc[nH]1,0.444,0.5
Clc1ncc[nH]1,0.528,5
ClCc1nc2ccccc2[nH]1,0.81,1
ClCc1nc2ccccc2[nH]1,0.789,0.1
ClCc1nc2ccccc2[nH]1,0.798,0.5
ClCc1nc2ccccc2[nH]1,0.839,5
CN(C)c1ccc(/C=C/C2=NN(C(N)=S)C(c3ccc(N(C)C)cc3)C2)cc1,0.946,0.01
CN(C)c1ccc(/C=C/C2=NN(C(N)=S)C(c3ccc(N(C)C)cc3)C2)cc1,0.953,0.05
CN(C)c1ccc(/C=C/c2nc3ccccc3[nH]c2=O)cc1,0.964,1
CN(C)c1ccc(/C=C/c2nc3ccccc3[nH]c2=O)cc1,0.873,0.01
CN(C)c1ccc(/C=C/c2nc3ccccc3[nH]c2=O)cc1,0.942,0.1
CN(C)c1ccc(/C=C/c2nc3ccccc3[nH]c2=O)cc1,0.85,0.001
CN(C)c1ccc(/C=N/c2ccc(-c3ccc(/N=C/c4ccc(N(C)C)cc4)cc3)cc2)cc1,0.9278,0.1
CN(C)c1ccc(/C=N/c2ccc(-c3ccc(/N=C/c4ccc(N(C)C)cc4)cc3)cc2)cc1,0.8183,0.05
CN(C)c1ccc(/C=N/c2ccc(-c3ccc(/N=C/c4ccc(N(C)C)cc4)cc3)cc2)cc1,0.964,0.5
CN(C)c1ccc(/C=N/c2ccc(-c3ccc(/N=C/c4ccc(N(C)C)cc4)cc3)cc2)cc1,0.9466,0.25
CN(C)c1ccc(/C=N/c2ccc(-c3ccc(/N=C/c4ccc(N(C)C)cc4)cc3)cc2)cc1,0.9087,0.075
CN(C)c1ccc(/C=N/c2ccccc2S)cc1,0.77,1
CN(C)c1ccc(/C=N/c2ccccc2S)cc1,0.557,0.1
CN(C)c1ccc(/C=N/c2ccccc2S)cc1,0.693,0.5
CN(C)c1ccc(/C=N/c2ccccc2S)cc1,0.682,0.25
CN(C)c1ccc(/C=N/c2ccccc2S)cc1,0.786,2
CN(C)c1ccc(/C=N/Cc2ccc(O)c3ncccc23)cc1,0.882,0.01
CN(C)c1ccc(/C=N/Cc2ccc(O)c3ncccc23)cc1,0.911,0.1
CN(C)c1ccc(/C=N/Cc2ccc(O)c3ncccc23)cc1,0.865,0.001
CN(C)c1ccc(/C=N/Cc2ccc(O)c3ncccc23)cc1,0.957,1
CN(C)c1ccc(/C=N/NS(=O)(=O)c2ccccc2)cc1,0.423,0.1
CN(C)c1ccc(/C=N/NS(=O)(=O)c2ccccc2)cc1,0.703,0.5
CN(C)c1ccc(C(=C2C=CC(=[N+](C)C)C=C2)c2ccc(N(C)C)cc2)cc1.[Cl-],0.75,1
CN(C)c1ccc(C=Nn2c(S)nnc2Cn2cncn2)cc1,0.934,1
CN(C)c1ccc(-c2ccc(-c3ccc(C(=N)N)c(F)c3)s2)cc1,0.65,0.001
CN(C)c1ccc(-c2ccc(-c3ccc(C(=N)N)c(F)c3)s2)cc1,0.691,0.005
CN(C)c1ccc(-c2ccc(-c3ccc(C(=N)N)c(F)c3)s2)cc1,0.722,0.009
CN(C)c1ccc(-c2ccc(-c3ccc(C(=N)N)c(F)c3)s2)cc1,0.746,0.013
CN(C)c1ccc(-c2ccc(-c3ccc(C(=N)N)c(F)c3)s2)cc1,0.773,0.017
CN(C)c1ccc(-c2ccc(-c3ccc(C(=N)N)c(F)c3)s2)cc1,0.798,0.021
CN(C)c1ccc(-c2ccc(-c3ccc(C(=N)N)cc3)s2)cc1,0.749,0.001
CN(C)c1ccc(-c2ccc(-c3ccc(C(=N)N)cc3)s2)cc1,0.78,0.005
CN(C)c1ccc(-c2ccc(-c3ccc(C(=N)N)cc3)s2)cc1,0.802,0.009
CN(C)c1ccc(-c2ccc(-c3ccc(C(=N)N)cc3)s2)cc1,0.823,0.013
CN(C)c1ccc(-c2ccc(-c3ccc(C(=N)N)cc3)s2)cc1,0.839,0.017
CN(C)c1ccc(-c2ccc(-c3ccc(C(=N)N)cc3)s2)cc1,0.858,0.021
CN(C)c1ccc(-c2nnc(-c3ccc(N(C)C)cc3)o2)cc1,0.898,0.1
CN(C)c1ccc(-c2nnc(-c3ccc(N(C)C)cc3)o2)cc1,0.87,0.05
CN(C)Cc1ccc(O)c2ncccc12,0.928,1
CN(C)Cc1ccc2cccnc2c1O,0.891,1
CN(C)Cc1ccc2cccnc2c1O,0.845,0.01
CN(C)Cc1ccc2cccnc2c1O,0.866,0.1
CN(C)Cc1ccc2cccnc2c1O,0.789,0.001
CN(C)CCCN1c2ccccc2CCc2ccc(Cl)cc21,0.906,0.01
CN(C)CCCN1c2ccccc2CCc2ccc(Cl)cc21,0.94,0.05
CN=C(C)S/C=C(\C)c1ccc(O)cc1,0.916,1
CN1C(=O)NC(c2ccccc2)(c2ccccc2)C1=O,0.891,1
CN1C(=O)NC(c2ccccc2)(c2ccccc2)C1=O,0.786,0.01
CN1C(=O)NC(c2ccccc2)(c2ccccc2)C1=O,0.807,0.1
CN1C(=O)NC(c2ccccc2)(c2ccccc2)C1=O,0.773,0.001
Cn1c(-c2ccc([N+](=O)[O-])cc2)nc2ccccc2c1=O,0.9072,1
Cn1c(-c2ccc([N+](=O)[O-])cc2)nc2ccccc2c1=O,0.822,0.01
Cn1c(-c2ccc([N+](=O)[O-])cc2)nc2ccccc2c1=O,0.8733,0.1
Cn1c(-c2ccc([N+](=O)[O-])cc2)nc2ccccc2c1=O,0.8048,0.001
Cn1c(-c2ccc(O)cc2)nc2ccccc2c1=O,0.9194,1
Cn1c(-c2ccc(O)cc2)nc2ccccc2c1=O,0.8426,0.01
Cn1c(-c2ccc(O)cc2)nc2ccccc2c1=O,0.8826,0.1
Cn1c(-c2ccc(O)cc2)nc2ccccc2c1=O,0.8106,0.001
Cn1c(-c2ccccc2)nc2ccccc2c1=O,0.8993,1
Cn1c(-c2ccccc2)nc2ccccc2c1=O,0.8155,0.01
Cn1c(-c2ccccc2)nc2ccccc2c1=O,0.868,0.1
Cn1c(-c2ccccc2)nc2ccccc2c1=O,0.7754,0.001
Cn1cc[n+](CCO)c1.F[P-](F)(F)(F)(F)F,0.4377,1
Cn1cc[n+](CCO)c1.F[P-](F)(F)(F)(F)F,0.5887,2
Cn1cc[n+](CCO)c1.O=S(=O)([N-]S(=O)(=O)C(F)(F)F)C(F)(F)F,0.2012,1
Cn1cc[n+](CCO)c1.O=S(=O)([N-]S(=O)(=O)C(F)(F)F)C(F)(F)F,0.2801,2
CN1CCN(C(=S)NCc2ccc(O)c3ncccc23)CC1,0.951,1
CN1CCN(C(=S)NCc2ccc(O)c3ncccc23)CC1,0.904,0.01
CN1CCN(C(=S)NCc2ccc(O)c3ncccc23)CC1,0.92,0.1
CN1CCN(C(=S)NCc2ccc(O)c3ncccc23)CC1,0.859,0.001
CN1CCN(C2=Nc3cc(Cl)ccc3Nc3ccccc32)CC1,0.916,0.1
CN1CCN(C2=Nc3cc(Cl)ccc3Nc3ccccc32)CC1,0.872,0.05
CN1CCN(C2=Nc3cc(Cl)ccc3Nc3ccccc32)CC1,0.943,0.5
CN1CCN(Cc2ccc3cccnc3c2O)CC1,0.872,0.01
CN1CCN(Cc2ccc3cccnc3c2O)CC1,0.899,0.1
CN1CCN(Cc2ccc3cccnc3c2O)CC1,0.681,0.001
CNC(=O)N/N=C/c1ccccn1,0.52,1
CNc1ccc(OC)cc1,0.827,1
CNc1ccc(OC)cc1,0.738,0.01
CNc1ccc(OC)cc1,0.789,0.1
CNc1ccc(OC)cc1,0.716,0.001
COC1C2OC(C)(C)O[C@H]2C[C@@H]1C1CO1,0.929,1
COc1cc(/C=N/NC(N)=S)ccc1O,0.88,1
COc1cc(NS(=O)(=O)c2ccc(N)cc2)nc(OC)n1,0.7359,0.01
COc1cc(NS(=O)(=O)c2ccc(N)cc2)nc(OC)n1,0.9208,0.05
COc1cc(O)ccc1-c1nc(-c2ccccc2)c(-c2ccccc2)n1-c1ccccc1,0.954,1
COc1cc(O)ccc1-c1nc(-c2ccccc2)c(-c2ccccc2)n1-c1ccccc1,0.906,0.01
COc1cc(O)ccc1-c1nc(-c2ccccc2)c(-c2ccccc2)n1-c1ccccc1,0.943,0.1
COc1cc(O)ccc1-c1nc(-c2ccccc2)c(-c2ccccc2)n1-c1ccccc1,0.885,0.001
COc1ccc(/C=C/C(=O)c2ccc(OCC(=O)O)cc2)cc1,0.9229,1
COc1ccc(/C=C/C(=O)c2ccc(OCC(=O)O)cc2)cc1,0.8209,0.01
COc1ccc(/C=C/C(=O)c2ccc(OCC(=O)O)cc2)cc1,0.8779,0.1
COc1ccc(/C=C/C(=O)c2ccc(OCC(=O)O)cc2)cc1,0.7638,0.001
COc1ccc(/C=C/C=N/c2c(C)n(C)n(-c3ccccc3)c2=O)cc1,0.9814,1
COc1ccc(/C=C/C=N/c2c(C)n(C)n(-c3ccccc3)c2=O)cc1,0.9385,0.1
COc1ccc(/C=C/C=N/c2c(C)n(C)n(-c3ccccc3)c2=O)cc1,0.9782,0.5
COc1ccc(/C=C/C=N/c2c(C)n(C)n(-c3ccccc3)c2=O)cc1,0.971,0.25
COc1ccc(/C=C/C=N/c2c(C)n(C)n(-c3ccccc3)c2=O)cc1,0.9796,0.75
COc1ccc(/C=C/c2nc3ccc(C)cc3[nH]c2=O)cc1,0.78,0.01
COc1ccc(/C=C/c2nc3ccc(C)cc3[nH]c2=O)cc1,0.92,0.1
COc1ccc(/C=C/c2nc3ccc(C)cc3[nH]c2=O)cc1,0.86,0.05
COc1ccc(/C=C/c2nc3ccccc3[nH]c2=O)cc1,0.81,0.01
COc1ccc(/C=C/c2nc3ccccc3[nH]c2=O)cc1,0.94,0.1
COc1ccc(/C=C/c2nc3ccccc3[nH]c2=O)cc1,0.86,0.05
COc1ccc(/C=C/c2nc3ccccc3[nH]c2=O)cc1,0.78,0.001
COc1ccc(/C=N/c2ccc(-c3ccc(/N=C/c4ccc(OC)cc4)cc3)cc2)cc1,0.9218,0.1
COc1ccc(/C=N/c2ccc(-c3ccc(/N=C/c4ccc(OC)cc4)cc3)cc2)cc1,0.7737,0.05
COc1ccc(/C=N/c2ccc(-c3ccc(/N=C/c4ccc(OC)cc4)cc3)cc2)cc1,0.9592,0.5
COc1ccc(/C=N/c2ccc(-c3ccc(/N=C/c4ccc(OC)cc4)cc3)cc2)cc1,0.9425,0.25
COc1ccc(/C=N/c2ccc(-c3ccc(/N=C/c4ccc(OC)cc4)cc3)cc2)cc1,0.8999,0.075
COc1ccc(/C=N/c2cccc(C(=O)O)c2)cc1O,0.8753,1
COc1ccc(/C=N/c2cccc(C(=O)O)c2)cc1O,0.7797,0.1
COc1ccc(/C=N/c2cccc(C(=O)O)c2)cc1O,0.8547,0.5
COc1ccc(/C=N/c2cccc(C(=O)O)c2)cc1O,0.7824,0.25
COc1ccc(/C=N/c2cccc(C(=O)O)c2)cc1O,0.8708,0.75
COc1ccc(/C=N/CC[N+](C)(C)CCCCCCCCBr)cc1OC.[Br-],0.6978,0.05
COc1ccc(/C=N/CC[N+](C)(C)CCCCCCCCBr)cc1OC.[Br-],0.7502,0.5
COc1ccc(/C=N/CC[N+](C)(C)CCCCCCCCBr)cc1OC.[Br-],0.8337,5
COc1ccc(/C=N/CC[N+](C)(C)CCCCCCCCBr)cc1OC.[Br-],0.6478,0.005
COc1ccc(/C=N/CC[N+](C)(C)CCCCCCCCCCCCBr)cc1OC.[Br-],0.7678,0.05
COc1ccc(/C=N/CC[N+](C)(C)CCCCCCCCCCCCBr)cc1OC.[Br-],0.7996,0.5
COc1ccc(/C=N/CC[N+](C)(C)CCCCCCCCCCCCBr)cc1OC.[Br-],0.8495,5
COc1ccc(/C=N/CC[N+](C)(C)CCCCCCCCCCCCBr)cc1OC.[Br-],0.6474,0.005
COc1ccc(/C=N/CC[N+](C)(C)CCCCCCCCCCCCCCCCBr)cc1OC.[Br-],0.7808,0.05
COc1ccc(/C=N/CC[N+](C)(C)CCCCCCCCCCCCCCCCBr)cc1OC.[Br-],0.7992,0.5
COc1ccc(/C=N/CC[N+](C)(C)CCCCCCCCCCCCCCCCBr)cc1OC.[Br-],0.8663,5
COc1ccc(/C=N/CC[N+](C)(C)CCCCCCCCCCCCCCCCBr)cc1OC.[Br-],0.7194,0.005
COc1ccc(/C=N\\N2C(=S)NNC2C)cc1,0.65,0.001
COc1ccc(/C=N\\N2C(=S)NNC2C)cc1,0.77,0.01
COc1ccc(/C=N\\N2C(=S)NNC2C)cc1,0.81,0.1
COc1ccc(/C=N\\N2C(=S)NNC2C)cc1,0.86,1
COc1ccc(/C=N\NC(N)=S)cc1,0.734,0.1
COc1ccc(/C=N\NC(N)=S)cc1,0.522,0.05
COc1ccc(/C=N\NC(N)=S)cc1,0.889,0.2
COc1ccc(/C=N\NC(N)=S)cc1,0.522,0.05
COc1ccc(/C=N\NC(N)=S)cc1,0.921,0.3
COc1ccc(/N=C(/N=N/c2ccccc2)C(C)=O)cc1,0.9205,0.01
COc1ccc(/N=C(/N=N/c2ccccc2)C(C)=O)cc1,0.9607,0.05
COc1ccc(C(=O)CSc2nnc(Cn3cncn3)[nH]2)cc1,0.987,1
COc1ccc(C(C)=NOCn2cnnc2)cc1,0.938,1
COc1ccc(C=O)cc1Br,0.819,1
COc1ccc(C=O)cc1Br,0.761,0.01
COc1ccc(C=O)cc1Br,0.793,0.1
COc1ccc(C=O)cc1Br,0.684,0.001
COc1ccc(C2=NNC(c3ccc(OCC(=O)O)cc3)C2)cc1,0.71,0.01
COc1ccc(C2=NNC(c3ccc(OCC(=O)O)cc3)C2)cc1,0.86,0.1
COc1ccc(C2=NNC(c3ccc(OCC(=O)O)cc3)C2)cc1,0.77,0.05
COc1ccc(C2=NNC(c3ccc(OCC(=O)O)cc3)C2)cc1,0.94,0.5
COc1ccc(-c2ccc(-c3ccc(C(=N)N)c(F)c3)s2)cc1,0.633,0.001
COc1ccc(-c2ccc(-c3ccc(C(=N)N)c(F)c3)s2)cc1,0.667,0.005
COc1ccc(-c2nnc(-c3ccc(OC)cc3)n2N)cc1,0.948,0.1
COc1ccc(-c2nnc(-c3ccc(OC)cc3)n2N)cc1,0.96,0.2
COc1ccc(N)c([N+](=O)[O-])c1,0.861,1
COc1ccc(N)c([N+](=O)[O-])c1,0.69,0.01
COc1ccc(N)c([N+](=O)[O-])c1,0.813,0.1
COc1ccc(N)c([N+](=O)[O-])c1,0.668,0.001
COc1ccc(O)c(/C=N/c2ccccc2O)c1,0.91,1
COc1ccc(O)c(/C=N/c2ccccc2O)c1,0.84,0.5
COc1ccc(O)c(/C=N/c2ccccc2O)c1,0.95,5
COc1ccc(O)c(/C=N/c2ccccc2O)c1,0.93,2.5
COc1ccc(O)c(/C=N/N2C(=O)c3ccccc3NC2c2cc(OC)ccc2O)c1,0.93,1
COc1ccc(O)c(/C=N/N2C(=O)c3ccccc3NC2c2cc(OC)ccc2O)c1,0.653,0.1
COc1ccc(O)c(/C=N/N2C(=O)c3ccccc3NC2c2cc(OC)ccc2O)c1,0.472,0.05
COc1ccc(O)c(/C=N/N2C(=O)c3ccccc3NC2c2cc(OC)ccc2O)c1,0.78,0.5
COc1ccc(OC)c(/C=C/C(=O)c2ccc(OCC(=O)O)cc2)c1,0.9596,1
COc1ccc(OC)c(/C=C/C(=O)c2ccc(OCC(=O)O)cc2)c1,0.8974,0.01
COc1ccc(OC)c(/C=C/C(=O)c2ccc(OCC(=O)O)cc2)c1,0.9218,0.1
COc1ccc(OC)c(/C=C/C(=O)c2ccc(OCC(=O)O)cc2)c1,0.8773,0.001
COc1ccc2cc(C(C)C(=O)N/N=C(\C)c3ccc(Br)cc3)ccc2c1,0.91,1
COc1ccc2cc(C(C)C(=O)N/N=C(\C)c3ccc(Br)cc3)ccc2c1,0.84,0.1
COc1ccc2cc(C(C)C(=O)N/N=C(\C)c3ccc(Br)cc3)ccc2c1,0.88,0.5
COc1ccc2cc(C(C)C(=O)N/N=C(\C)c3ccc(Br)cc3)ccc2c1,0.95,5
COc1ccc2cc(C(C)C(=O)N/N=C(\C)c3ccccc3)ccc2c1,0.87,1
COc1ccc2cc(C(C)C(=O)N/N=C(\C)c3ccccc3)ccc2c1,0.79,0.1
COc1ccc2cc(C(C)C(=O)N/N=C(\C)c3ccccc3)ccc2c1,0.83,0.5
COc1ccc2cc(C(C)C(=O)N/N=C(\C)c3ccccc3)ccc2c1,0.9,5
COc1cccc(-c2cnc3cc([N+](=O)[O-])ccc3n2)c1OC,0.86,0.01
COc1cccc(-c2cnc3cc([N+](=O)[O-])ccc3n2)c1OC,0.91,0.1
COc1cccc(-c2cnc3cc([N+](=O)[O-])ccc3n2)c1OC,0.821,0.001
COc1cccc(-c2cnc3cc([N+](=O)[O-])ccc3n2)c1OC,0.915,1
COc1cccc(-c2cnc3ccccc3n2)c1OC,0.903,0.01
COc1cccc(-c2cnc3ccccc3n2)c1OC,0.91,0.1
COc1cccc(-c2cnc3ccccc3n2)c1OC,0.721,0.001
COc1cccc(-c2cnc3ccccc3n2)c1OC,0.953,1
COc1ccccc1C=Nn1c(S)nnc1Cn1cncn1,0.924,1
COc1ccccc1N,0.5679,1
COc1ccccc1N=Cc1ccccc1O,0.85,1
COc1ccccc1N=Cc1ccccc1O,0.8,0.5
COc1ccccc1NC(=O)/C=N\O,0.728,1
COOCc1c(N)nnn1Cc1ccc(O)c2ncccc12,0.87,1
CSc1scc(C)[n+]1-c1ccccc1.[I-],0.9386,1
Fc1ccccc1C=Nn1c(S)nnc1Cn1cncn1,0.892,1
N#CC1=C(N)N(C2[C@H](O)[C@@H](O)[C@H](CO)O[C@H]2O)c2[nH]c(=O)[nH]c(=O)c2C1c1ccc([N+](=O)[O-])cc1,0.8779,1
N#CC1=C(N)N(C2[C@H](O)O[C@@H](CO)[C@H](O)[C@H]2O)c2[nH]c(=O)[nH]c(=O)c2C1c1ccc([N+](=O)[O-])cc1,0.9065,0.1
N#CC1=C(N)N(C2[C@H](O)O[C@@H](CO)[C@H](O)[C@H]2O)c2[nH]c(=O)[nH]c(=O)c2C1c1ccc([N+](=O)[O-])cc1,0.7763,0.05
N#CC1=C(N)N(C2[C@H](O)O[C@@H](CO)[C@H](O)[C@H]2O)c2[nH]c(=O)[nH]c(=O)c2C1c1ccc([N+](=O)[O-])cc1,0.9127,0.5
N#CC1=C(N)Oc2c(c(=O)oc3ccccc23)C1c1ccc(Cl)cc1,0.868,1
N#CC1=C(N)Oc2c(c(=O)oc3ccccc23)C1c1ccccc1Cl,0.916,1
N#CCc1cc(CN2CCOCC2)c(O)c2ncccc12,0.53,0.001
N#CCc1cc(CN2CCOCC2)c(O)c2ncccc12,0.8,0.01
N#CCc1cc(CN2CCOCC2)c(O)c2ncccc12,0.86,0.1
N#CCc1cc(CN2CCOCC2)c(O)c2ncccc12,0.89,1
N/N=C(C(=N/c1ccccc1O)/c1ccccc1)\c1ccccc1,0.8862,1
N[C@@H](CC(=O)O)C(=O)O,0.887,1
N[C@@H](Cc1ccccc1)C(=O)O,0.868,1
N[C@@H](CS)C(=O)O,0.45,1
N[C@@H](CS)C(=O)O,0.14,0.1
N[C@@H](CS)C(=O)O,0.2,0.5
N=C(N)c1ccc(-c2ccc(-c3ccc(Cl)cc3)s2)cc1,0.615,0.001
N=C(N)c1ccc(-c2ccc(-c3ccc(Cl)cc3)s2)cc1,0.649,0.005
N=C(N)c1ccc(-c2ccc(-c3ccc(Cl)cc3)s2)cc1F,0.611,0.001
N=C(N)c1ccc(-c2ccc(-c3ccc(Cl)cc3)s2)cc1F,0.636,0.005
NC(=O)c1ccc(N=Cc2cccs2)cc1,0.88,1
NC(=O)c1ccc(N=Cc2cccs2)cc1,0.652,0.5
NC(=O)c1ccc(N=Cc2cccs2)cc1,0.949,5
NC(=O)N/N=C/c1cc2ccccc2[nH]1,0.63,1
NC(=S)N/N=C(\\c1ccco1)C(O)c1ccco1,0.968,2
NC(=S)N/N=C(\\c1ccco1)C(O)c1ccco1,0.715,0.2
NC(=S)N/N=C(\\c1ccco1)C(O)c1ccco1,0.898,3
NC(=S)N/N=C(\\c1ccco1)C(O)c1ccco1,0.657,1
NC(=S)N/N=C(\\c1ccco1)C(O)c1ccco1,0.58,0.4
NC(=S)N/N=C(\\c1ccco1)C(O)c1ccco1,0.557,0.1
[Br-].c1ccc(CCn2cc[n+](CCc3ccccc3)c2)cc1,0.863,0.05
NC(=S)N/N=C/c1ccc(O)cc1,0.89,1
NC(=S)N/N=C/c1ccccn1,0.877,0.5
NC(=S)N/N=C/c1ccccn1,0.824,0.25
NC(=S)N/N=C/c1ccccn1,0.802,0.15
NC(=S)N/N=C/c1ccccn1,0.897,1.5
NC(=S)N/N=C/c1cccnc1,0.88,0.25
NC(=S)N/N=C/c1cccnc1,0.71,0.15
NC(=S)N/N=C/c1cccnc1,0.9,0.5
NC(=S)N/N=C/c1cccnc1,0.92,1
NC(=S)N/N=C/c1cccnc1,0.92,1.5
NC(=S)N/N=C/c1ccncc1,0.845,1
NC(=S)N/N=C/c1ccncc1,0.842,0.5
NC(=S)N/N=C/c1ccncc1,0.82,0.25
NC(=S)N/N=C/c1ccncc1,0.706,0.15
NC(=S)N/N=C/c1ccncc1,0.855,1.5
NC(=S)N/N=C\c1ccc(C(=O)O)cc1,0.882,0.1
NC(=S)N/N=C\c1ccc(C(=O)O)cc1,0.813,0.05
NC(=S)N/N=C\c1ccc(C(=O)O)cc1,0.918,0.2
NC(=S)N/N=C\c1ccc(C(=O)O)cc1,0.813,0.05
NC(=S)N/N=C\c1ccc(C(=O)O)cc1,0.95,0.3
NC1=Nc2cccc3cccc(c23)N1,0.8741,0.1
Nc1ccc(-c2nc3ccccc3[nH]2)cc1,0.939,1
Nc1ccc(-c2nc3ccccc3[nH]2)cc1,0.861,0.1
Nc1ccc(-c2nc3ccccc3[nH]2)cc1,0.906,0.5
Nc1ccc(-n2ccnc2)cc1,0.662,1
Nc1ccc(-n2ccnc2)cc1,0.423,0.1
Nc1ccc(-n2ccnc2)cc1,0.678,0.5
Nc1ccc(-n2ccnc2)cc1,0.717,5
Nc1ccc(Oc2cc(Oc3ccc(N)cc3)cc(Oc3ccc(N)cc3)c2)cc1,0.919,0.2
Nc1ccc(Oc2cc(Oc3ccc(N)cc3)cc(Oc3ccc(N)cc3)c2)cc1,0.94,0.4
Nc1ccc(Oc2cc(Oc3ccc(N)cc3)cc(Oc3ccc(N)cc3)c2)cc1,0.95,0.6
Nc1ccc(Oc2cc(Oc3ccc(N)cc3)cc(Oc3ccc(N)cc3)c2)cc1,0.963,0.8
Nc1ccc(Oc2cc(Oc3ccc(N)cc3)cc(Oc3ccc(N)cc3)c2)cc1,0.974,1
Nc1ccc(S(N)(=O)=O)cc1,0.6994,0.01
Nc1ccc(S(N)(=O)=O)cc1,0.8208,0.05
Nc1ccc2nc[nH]c2c1,0.626,1
Nc1ccc2nc[nH]c2c1,0.34,0.1
Nc1ccc2nc[nH]c2c1,0.485,0.5
Nc1ccc2nc[nH]c2c1,0.724,5
Nc1ccc2sc3ccc(N)cc3c2c1,0.895,1
Nc1ccc2sc3ccc(N)cc3c2c1,0.5033,0.01
Nc1ccc2sc3ccc(N)cc3c2c1,0.8621,0.1
Nc1ccc2sc3ccc(N)cc3c2c1,0.8215,0.05
Nc1ccc2sc3ccc(N)cc3c2c1,0.8913,0.5
Nc1ccccc1-c1nc2ccccc2[nH]1,0.893,1
Nc1ccccc1-c1nc2ccccc2[nH]1,0.791,0.1
Nc1ccccc1-c1nc2ccccc2[nH]1,0.841,0.5
Nc1ccccc1Cl,0.6362,1
Nc1ccccc1F,0.5738,1
Nc1nc(-c2ccc(O)cc2)c(Sc2sc(N)nc2-c2ccc(O)cc2)s1,0.851,1
Nc1nc(-c2ccc(O)cc2)c(Sc2sc(N)nc2-c2ccc(O)cc2)s1,0.848,0.1
Nc1nc(-c2ccc(O)cc2)c(Sc2sc(N)nc2-c2ccc(O)cc2)s1,0.846,0.5
Nc1nc(-c2ccc(O)cc2)c(Sc2sc(N)nc2-c2ccc(O)cc2)s1,0.891,2
Nc1nc(-c2ccc(O)cc2)cs1,0.797,0.1
Nc1nc(-c2ccc(O)cc2)cs1,0.881,0.5
Nc1nc(-c2ccc(O)cc2)cs1,0.909,2
Nc1nc(-c2ccccc2)cs1,0.905,0.1
Nc1nc(-c2ccccc2)cs1,0.91,0.5
Nc1nc(-c2ccccc2)cs1,0.916,2
Nc1nc(N)c2nc[nH]c2n1,0.709,1
Nc1nc(N)nc(N)n1,0.6387,1
Nc1nc(S)c2nc[nH]c2n1,0.784,1
Nc1nc2[nH]cnc2c(=O)[nH]1,0.678,1
Nc1nc2ccccc2[nH]1,0.5863,5
Nc1nc2ccccc2[nH]1,0.0719,0.05
Nc1nc2ccccc2[nH]1,0.111,0.1
Nc1nc2ccccc2[nH]1,0.171,0.5
Nc1nc2ccccc2[nH]1,0.3984,1
Nc1nc2ccccc2[nH]1,0.563,3
Nc1ncnc2[nH]cnc12,0.699,1
Nc1nnc(-c2ccccc2)s1,0.481,0.5
Nc1nnc(-c2ccccc2)s1,0.798,2
Nc1nnc(-c2ccccc2)s1,0.685,1
Nc1nnc(S)s1,0.976,1
NCc1nc2ccccc2[nH]1,0.634,1
NCc1nc2ccccc2[nH]1,0.218,0.1
NCc1nc2ccccc2[nH]1,0.454,0.5
NCc1nc2ccccc2[nH]1,0.597,5
NCCNCc1ccc(O)c2ncccc12,0.969,1
NCCNCc1ccc(O)c2ncccc12,0.978,0.01
NCCNCc1ccc(O)c2ncccc12,0.982,0.1
NCCNCc1ccc(O)c2ncccc12,0.947,0.001
NCCOCc1ccc(O)c2ncccc12,0.989,1
NCCOCc1ccc(O)c2ncccc12,0.974,0.01
NCCOCc1ccc(O)c2ncccc12,0.989,0.1
NCCOCc1ccc(O)c2ncccc12,0.969,0.001
Nn1c(Cc2cccs2)nnc1Cc1cccs1,0.873,0.01
Nn1c(Cc2cccs2)nnc1Cc1cccs1,0.919,0.1
Nn1c(Cc2cccs2)nnc1Cc1cccs1,0.897,0.05
Nn1c(Cc2cccs2)nnc1Cc1cccs1,0.853,0.005
Nn1c(S)nnc1Cn1cncn1,0.716,1
NNCc1ccc(O)c2ncccc12,0.97,1
NOCc1ccc(O)c2ncccc12,0.969,1
O=[N+]([O-])c1ccc(-c2nc3ccccc3[nH]2)cc1,0.959,1
O=[N+]([O-])c1ccc(-c2nc3ccccc3[nH]2)cc1,0.903,0.1
O=[N+]([O-])c1ccc(-c2nc3ccccc3[nH]2)cc1,0.94,0.5
O=[N+]([O-])c1ccc(N/N=C/c2ccc(Cl)cc2)c([N+](=O)[O-])c1,0.843,1
O=[N+]([O-])c1ccc(N/N=C/c2ccc(O)cc2O)c([N+](=O)[O-])c1,0.9389,1
O=[N+]([O-])c1ccc2[nH]ncc2c1,0.759,1
O=[N+]([O-])c1ccccc1C=Nn1c(S)nnc1Cn1cncn1,0.891,1
O=[N+]([O-])c1ccccc1-c1nc2ccccc2[nH]1,0.909,1
O=[N+]([O-])c1ccccc1-c1nc2ccccc2[nH]1,0.828,0.1
O=[N+]([O-])c1ccccc1-c1nc2ccccc2[nH]1,0.866,0.5
O=[N+]([O-])c1ccccc1N=Cc1ccccc1O,0.4,0.5
O=C(/C=N\O)Nc1ccccc1,0.595,1
O=C(/C=N\O)Nc1ccccc1Br,0.751,1
O=C(C/N=C\\C=C\\c1ccccc1)O[K],0.973,1
O=C(C/N=C\\C=C\\c1ccccc1)O[K],0.931,0.25
O=C(C/N=C\\C=C\\c1ccccc1)O[K],0.145,0.01
O=C(C/N=C\\C=C\\c1ccccc1)O[K],0.755,0.05
O=C(C/N=C\\C=C\\c1ccccc1)O[K],0.881,0.1
O=C(C/N=C\\C=C\\c1ccccc1)O[K],0.958,0.5
O=C(C/N=C\\C=C\\c1ccccc1)O[K],0.973,1
O(C)C1C=CC(=CC=1)C1=C(C(N)OC2C1=CC=C1C=CC=NC=21)C#N,0.787,1
O(C)C1C=CC(=CC=1)C1=C(C(N)OC2C1=CC=C1C=CC=NC=21)C#N,0.646,0.1
O(C)C1C=CC(=CC=1)C1=C(C(N)OC2C1=CC=C1C=CC=NC=21)C#N,0.609,0.01
O(C)C1C=CC(=CC=1)C1=C(C(N)OC2C1=CC=C1C=CC=NC=21)C#N,0.197,0.001
O=C(C[n+]1ccccn1)c1ccc(Cl)cc1.[Br-],0.91,1
O=C(C[n+]1ccccn1)c1ccc(Cl)cc1.[Br-],0.55,0.01
O=C(C[n+]1ccccn1)c1ccc(Cl)cc1.[Br-],0.7465,0.1
O=C(C[n+]1ccccn1)c1ccc(Cl)cc1.[Br-],0.28,0.001
O=C(C=Cc1ccc(F)cc1)c1ccc(OCn2cncn2)cc1,0.983,1
O=C(Cn1c(-c2ccc(Cl)cc2)nc2ccccc21)Nc1ccccc1,0.926,1
O=C(Cn1c(-c2ccc(Cl)cc2)nc2ccccc21)Nc1ccccc1,0.813,0.01
O=C(Cn1c(-c2ccc(Cl)cc2)nc2ccccc21)Nc1ccccc1,0.862,0.1
O=C(Cn1c(-c2ccc(Cl)cc2)nc2ccccc21)Nc1ccccc1,0.748,0.001
O=C(Cn1cncn1)N1CCC(c2ccc(Cl)cc2Cl)=N1,0.99,1
O=C(Cn1cncn1)N1CCC(c2ccc(F)cc2)=N1,0.97,1
O=C(Cn1cncn1)N1CCC(c2ccccc2)=N1,0.98,1
O=C(Cn1cncn1)NNC(=S)NC(O)c1ccccc1,0.978,1
O=C(CS)OCCOCCOCCOCCOCCOCCOCCOCCOCCOCCOCCOCCOCCOCCOC(=O)CS,0.4089,0.1
O=C(CS)OCCOCCOCCOCCOCCOCCOCCOCCOCCOCCOCCOCCOCCOCCOC(=O)CS,0.3153,0.05
O=C(CS)OCCOCCOCCOCCOCCOCCOCCOCCOCCOCCOCCOCCOCCOCCOC(=O)CS,0.4603,0.5
O=C(CS)OCCOCCOCCOCCOCCOCCOCCOCCOCCOCCOCCOCCOCCOCCOC(=O)CS,0.5456,5
O=C(CS)OCCOCCOCCOCCOCCOCCOCCOCCOCCOCCOCCOCCOCCOCCOC(=O)CS,0.5062,1
O=C(CSc1nnc(Cn2cncn2)o1)c1ccccc1,0.984,1
O=C(N/N=C/c1ccc(O)cc1)c1cccnc1,0.707,0.5
O=C(N/N=C/c1ccc(O)cc1)c1cccnc1,0.547,0.25
O=C(N/N=C/c1ccc(O)cc1)c1cccnc1,0.85,2
O=C(N/N=C/c1ccc(O)cc1)c1cccnc1,0.823,1
O=C(N/N=C/c1ccc(O)cc1)c1cccnc1,0.928,4
O=C(NCc1ccccc1)NCc1ccccc1,0.25,0.01
O=C(NCc1ccccc1)NCc1ccccc1,0.45,0.1
O=C(NCc1ccccc1)NCc1ccccc1,0.31,0.005
O=C(NCc1ccccc1)NCc1ccccc1,0.65,0.2
O=C(O)c1cccc(/N=C/c2c(O)ccc3ccccc23)c1,0.8913,1
O=C(O)c1cccc(/N=C/c2c(O)ccc3ccccc23)c1,0.782,0.1
O=C(O)c1cccc(/N=C/c2c(O)ccc3ccccc23)c1,0.8645,0.5
O=C(O)c1cccc(/N=C/c2c(O)ccc3ccccc23)c1,0.8587,0.25
O=C(O)c1cccc(/N=C/c2c(O)ccc3ccccc23)c1,0.8822,0.75
O=C(O[K])C(Cc1c[nH]c2ccccc12)/N=C\\C=C\\c1ccccc1,0.98,1
O=C(O[K])C(Cc1c[nH]c2ccccc12)/N=C\\C=C\\c1ccccc1,0.945,0.25
O=C(O[K])C(Cc1c[nH]c2ccccc12)/N=C\\C=C\\c1ccccc1,0.44,0.01
O=C(O[K])C(Cc1c[nH]c2ccccc12)/N=C\\C=C\\c1ccccc1,0.885,0.05
O=C(O[K])C(Cc1c[nH]c2ccccc12)/N=C\\C=C\\c1ccccc1,0.927,0.1
O=C(O[K])C(Cc1c[nH]c2ccccc12)/N=C\\C=C\\c1ccccc1,0.973,0.5
CCCCCCNc1nc(NCCCN(C)C)nc(NCCCN(C)C)n1,0.9345,1
CCCCCCNc1nc(NCCCN(C)C)nc(NCCCN(C)C)n1,0.9219,0.5
CCCCCCNc1nc(NCCCN(C)C)nc(NCCCN(C)C)n1,0.9075,0.25
CCCCCCNc1nc(NCCCN(C)C)nc(NCCCN(C)C)n1,0.8715,0.1
CCCCCCNc1nc(NCCCN(C)C)nc(NCCCN(C)C)n1,0.8549,0.05
CCCCCCNc1nc(NCCCN(C)C)nc(NCCCN(C)C)n1,0.786,0.01
[Br-].c1ccc(CCC[n+]2ccn(CCc3ccccc3)c2)cc1,0.725,0.01
[Br-].c1ccc(CCC[n+]2ccn(CCc3ccccc3)c2)cc1,0.904,0.05
[Br-].c1ccc(CCC[n+]2ccn(CCc3ccccc3)c2)cc1,0.942,0.1
[Br-].c1ccc(CCC[n+]2ccn(CCc3ccccc3)c2)cc1,0.951,0.5
[Br-].c1ccc(CCC[n+]2ccn(CCc3ccccc3)c2)cc1,0.973,1
[Br-].c1ccc(CCn2cc[n+](Cc3ccccc3)c2)cc1,0.732,0.01
[Br-].c1ccc(CCn2cc[n+](Cc3ccccc3)c2)cc1,0.826,0.05
[Br-].c1ccc(CCn2cc[n+](Cc3ccccc3)c2)cc1,0.871,0.1
[Br-].c1ccc(CCn2cc[n+](Cc3ccccc3)c2)cc1,0.953,0.5
[Br-].c1ccc(CCn2cc[n+](Cc3ccccc3)c2)cc1,0.955,1
O=C(OCc1ccc(O)c2ncccc12)c1ccc([N+](=O)[O-])cc1,0.901,1
O=C(OCc1ccc(O)c2ncccc12)c1ccc(Cl)cc1,0.931,1
O=c1[nH]c2ccccc2[nH]c1=O,0.8714,1
O=c1[nH]c2ccccc2nc1/C=C/c1ccc(Cl)cc1,0.928,1
O=c1[nH]c2ccccc2nc1/C=C/c1ccc(Cl)cc1,0.836,0.01
O=c1[nH]c2ccccc2nc1/C=C/c1ccc(Cl)cc1,0.893,0.1
O=c1[nH]c2ccccc2nc1/C=C/c1ccc(Cl)cc1,0.679,0.001
O=c1[nH]c2ccccc2nc1/C=C/c1ccccc1,0.87,0.01
O=c1[nH]c2ccccc2nc1/C=C/c1ccccc1,0.92,0.1
O=c1[nH]c2ccccc2nc1/C=C/c1ccccc1,0.88,0.05
O=c1[nH]c2ccccc2nc1/C=C/c1ccccc1,0.85,0.001
O=C1C=CC(=O)N1c1ccccc1,0.827,0.001
O=C1C=CC(=O)N1c1ccccc1,0.883,0.01
O=C1C=CC(=O)N1c1ccccc1,0.914,0.1
O=C1C=CC(=O)N1c1ccccc1,0.934,1
O=c1c2ccccc2[nH]c2ccc([N+](=O)[O-])cc12,0.838,1
O=c1c2ccccc2[nH]c2ccc([N+](=O)[O-])cc12,0.622,0.01
O=c1c2ccccc2[nH]c2ccc([N+](=O)[O-])cc12,0.721,0.1
O=c1c2ccccc2[nH]c2ccc([N+](=O)[O-])cc12,0.663,0.05
O=c1c2ccccc2[nH]c2ccc([N+](=O)[O-])cc12,0.401,0.001
O=c1c2ccccc2[nH]c2ccc([N+](=O)[O-])cc12,0.919,5
O=c1c2ccccc2[nH]c2ccc([N+](=O)[O-])cc12,0.579,0.005
O=C1c2ccccc2NC(c2cc([N+](=O)[O-])ccc2O)N1/N=C/c1cc([N+](=O)[O-])ccc1O,0.902,1
O=C1c2ccccc2NC(c2cc([N+](=O)[O-])ccc2O)N1/N=C/c1cc([N+](=O)[O-])ccc1O,0.576,0.1
O=C1c2ccccc2NC(c2cc([N+](=O)[O-])ccc2O)N1/N=C/c1cc([N+](=O)[O-])ccc1O,0.465,0.05
O=C1c2ccccc2NC(c2cc([N+](=O)[O-])ccc2O)N1/N=C/c1cc([N+](=O)[O-])ccc1O,0.754,0.5
O=c1cc(/N=C/c2ccccc2)nc2sc(-c3ccc(Cl)cc3)c(O)c(=O)n12,0.918,1
O=c1n(Cc2ccc(O)c3ncccc23)c2ccccc2n1Cc1ccc(O)c2ncccc12,0.945,1
O=c1n(Cc2ccc(O)c3ncccc23)c2ccccc2n1Cc1ccc(O)c2ncccc12,0.9,0.01
O=c1n(Cc2ccc(O)c3ncccc23)c2ccccc2n1Cc1ccc(O)c2ncccc12,0.922,0.1
O=c1n(Cc2ccc(O)c3ncccc23)c2ccccc2n1Cc1ccc(O)c2ncccc12,0.878,0.001
O=C1Nc2ccccc2/C1=N/c1ccc(Cl)cc1,0.853,1
O=C1Nc2ccccc2/C1=N/c1ccc(O)cc1,0.912,1
O=C1Nc2ccccc2/C1=N/c1ccccc1,0.748,1
O=C1Nc2ccccc2SC1c1ccc(Cl)cc1,0.94,1
O=C1Nc2ccccc2SC1c1ccc(Cl)cc1,0.85,0.01
O=C1Nc2ccccc2SC1c1ccc(Cl)cc1,0.9,0.1
O=Cc1c(-c2ccccc2)nc2ncccn12,0.85,0.01
O=Cc1c(-c2ccccc2)nc2ncccn12,0.866,0.1
O=Cc1c(-c2ccccc2)nc2ncccn12,0.833,0.001
O=Cc1c(-c2ccccc2)nc2ncccn12,0.874,1
O=Cc1cc2cc([N+](=O)[O-])ccc2cc1Cl,0.85,1
O=Cc1cc2cc([N+](=O)[O-])ccc2nc1Cl,0.71,0.1
O=Cc1cc2cc([N+](=O)[O-])ccc2nc1Cl,0.78,0.5
O=Cc1cc2cc([N+](=O)[O-])ccc2nc1Cl,0.89,5
O=Cc1cc2cc(Cl)cc([N+](=O)[O-])c2nc1Cl,0.7,0.1
O=Cc1cc2cc(Cl)cc([N+](=O)[O-])c2nc1Cl,0.77,0.5
O=Cc1cc2cc(Cl)cc([N+](=O)[O-])c2nc1Cl,0.87,5
O=Cc1cc2cc(Cl)ccc2cc1Cl,0.83,1
O=Cc1cc2cc(Cl)ccc2nc1Cl,0.87,0.1
O=Cc1cc2cc(Cl)ccc2nc1Cl,0.92,0.5
O=Cc1cc2cc(Cl)ccc2nc1Cl,0.96,5
O=Cc1ccc(-n2ccnc2)cc1,0.722,1
O=Cc1ccc(-n2ccnc2)cc1,0.236,0.1
O=Cc1ccc(-n2ccnc2)cc1,0.642,0.5
O=Cc1ccc(-n2ccnc2)cc1,0.804,5
O=P(O)(O)C(O)c1ccccc1,0.71,0.1
O=P(O)(O)C(O)c1ccccc1,0.73,0.2
O=P(O)(O)C(O)c1ccccc1,0.86,0.3
O=P(O)(O)C(O)c1ccccc1,0.91,0.4
O=P(O)(O)CN(CCCCCCN(CP(=O)(O)O)CP(=O)(O)O)CP(=O)(O)O,0.7797,1
O=P(O)(O)CN(CCCCCCN(CP(=O)(O)O)CP(=O)(O)O)CP(=O)(O)O,0.5458,0.5
O=P(O)(O)CN(CCCCCCN(CP(=O)(O)O)CP(=O)(O)O)CP(=O)(O)O,0.8187,2
O=P(O)(O)CN(CCCCCCN(CP(=O)(O)O)CP(=O)(O)O)CP(=O)(O)O,0.8187,4
O=P(O)(O)CN(CCN(CP(=O)(O)O)CP(=O)(O)O)CCN(CP(=O)(O)O)CP(=O)(O)O,0.722,0.01
O=P(O)(O)CN(CCN(CP(=O)(O)O)CP(=O)(O)O)CCN(CP(=O)(O)O)CP(=O)(O)O,0.775,0.1
O=P(O)(O)CN(CCN(CP(=O)(O)O)CP(=O)(O)O)CCN(CP(=O)(O)O)CP(=O)(O)O,0.608,0.001
O=S(=O)(c1ccc(OCC2CO2)cc1)c1ccc(OCC2CO2)cc1,0.976,1
O=S(=O)(c1ccc(OCC2CO2)cc1)c1ccc(OCC2CO2)cc1,0.952,0.01
O=S(=O)(c1ccc(OCC2CO2)cc1)c1ccc(OCC2CO2)cc1,0.96,0.1
O=S(=O)(c1ccc(OCC2CO2)cc1)c1ccc(OCC2CO2)cc1,0.945,0.001
O=S(=O)(O)c1c(Cc2ccc3ncccc3c2)c(S(=O)(=O)O)c(S(=O)(=O)O)c(S(=O)(=O)O)c1S(=O)(=O)O,0.9803,1
O=S(=O)(O)c1c(Cc2ccc3ncccc3c2)c(S(=O)(=O)O)c(S(=O)(=O)O)c(S(=O)(=O)O)c1S(=O)(=O)O,0.8426,0.1
O=S(=O)(O)c1c(Cc2ccc3ncccc3c2)c(S(=O)(=O)O)c(S(=O)(=O)O)c(S(=O)(=O)O)c1S(=O)(=O)O,0.9412,0.5
O=S(=O)(O)CCC[n+]1ccn(Cc2ccc(OC(=C(C(F)(C(F)(F)F)C(F)(F)F)C(F)(C(F)(F)F)C(F)(F)F)C(F)(F)F)cc2)c1,0.931,0.01
O=S(=O)(O)CCC[n+]1ccn(Cc2ccc(OS(=O)(=O)C(F)(F)C(F)(F)C(F)(F)C(F)(F)C(F)(F)C(F)(F)F)cc2)c1,0.738,0.01
Oc1c(CN2CCN(c3ccc(Cl)cc3)CC2)ccc2cccnc12,0.878,0.01
Oc1c(CN2CCN(c3ccc(Cl)cc3)CC2)ccc2cccnc12,0.925,0.1
Oc1c(CN2CCN(c3ccc(Cl)cc3)CC2)ccc2cccnc12,0.862,0.001
Oc1ccc(/C=N/C2CCCCC2/N=C/c2ccc(O)cc2)cc1,0.53,0.5
Oc1ccc(/C=N/C2CCCCC2/N=C/c2ccc(O)cc2)cc1,0.71,2
Oc1ccc(/C=N/C2CCCCC2/N=C/c2ccc(O)cc2)cc1,0.62,1
Oc1ccc(/C=N/C2CCCCC2/N=C/c2ccc(O)cc2)cc1,0.4,0.2
Oc1ccc(/C=N/Cc2ccc(F)cc2)c(O)c1,0.83,0.01
Oc1ccc(/C=N/Cc2ccccc2)c(O)c1,0.86,0.01
Oc1ccc(/C=N\NC(=S)Nc2ccccc2)cc1,0.6958,0.01
Oc1ccc(C2=Nn3c(S)nnc3NN2)cc1,0.5936,0.5
Oc1ccc(CC2=NCCN2)c2cccnc12,0.9619,1
Oc1ccc(CC2=NCCN2)c2cccnc12,0.8906,0.01
Oc1ccc(CC2=NCCN2)c2cccnc12,0.9237,0.1
Oc1ccc(CC2=NCCN2)c2cccnc12,0.8623,0.001
Oc1ccc(CC2=NCCO2)c2cccnc12,0.9165,1
Oc1ccc(CC2=NCCO2)c2cccnc12,0.8174,0.01
Oc1ccc(CC2=NCCO2)c2cccnc12,0.8183,0.1
Oc1ccc(CC2=NCCO2)c2cccnc12,0.8154,0.001
Oc1ccc(Cc2ccccc2)c2cccnc12,0.9806,1
Oc1ccc(CCl)c2ccc[nH+]c12.[Cl-],0.91,1
Oc1ccc(CCl)c2ccc[nH+]c12.[Cl-],0.82,0.01
Oc1ccc(CCl)c2ccc[nH+]c12.[Cl-],0.84,0.1
Oc1ccc(CCl)c2ccc[nH+]c12.[Cl-],0.82,0.001
Oc1ccc(CCl)c2ccc[nH+]c12.[Cl-],0.9,5
Oc1ccc(Cn2c(-c3ccc(Br)cc3)nc3ccccc32)c2cccnc12,0.921,1
Oc1ccc(Cn2c(-c3ccc(Br)cc3)nc3ccccc32)c2cccnc12,0.79,0.01
Oc1ccc(Cn2c(-c3ccc(Br)cc3)nc3ccccc32)c2cccnc12,0.897,0.1
Oc1ccc(Cn2c(-c3ccc(Br)cc3)nc3ccccc32)c2cccnc12,0.679,0.001
Oc1ccc(CNC(=S)N2CCN(c3ccccc3)CC2)c2cccnc12,0.935,1
Oc1ccc(CNC(=S)N2CCN(c3ccccc3)CC2)c2cccnc12,0.742,0.01
Oc1ccc(CNC(=S)N2CCN(c3ccccc3)CC2)c2cccnc12,0.835,0.1
Oc1ccc(CNC(=S)N2CCN(c3ccccc3)CC2)c2cccnc12,0.491,0.001
Oc1ccc(COCc2ccccc2)c2cccnc12,0.942,1
Oc1ccc(COCc2ccccc2)c2cccnc12,0.873,0.01
Oc1ccc(COCc2ccccc2)c2cccnc12,0.882,0.1
Oc1ccc(COCc2ccccc2)c2cccnc12,0.537,0.001
Oc1ccc(-n2ccnc2)cc1,0.784,1
Oc1ccc(-n2ccnc2)cc1,0.37,0.1
Oc1ccc(-n2ccnc2)cc1,0.692,0.5
Oc1ccc(-n2ccnc2)cc1,0.887,5
Oc1ccccc1/C=N/c1ccccc1O,0.8,1
Oc1ccccc1/C=N/c1ccccc1O,0.61,0.5
Oc1ccccc1/C=N/c1ccccc1O,0.93,5
Oc1ccccc1/C=N/c1ccccc1O,0.89,2.5
Oc1ccccc1C=Nc1ccccc1O,0.88,1
Oc1ccccc1C=Nc1ccccc1O,0.86,0.5
Oc1ccccc1-c1nc(-c2ccccc2)c(-c2ccccc2)n1-c1ccccc1,0.94,1
Oc1ccccc1-c1nc(-c2ccccc2)c(-c2ccccc2)n1-c1ccccc1,0.927,0.01
Oc1ccccc1-c1nc(-c2ccccc2)c(-c2ccccc2)n1-c1ccccc1,0.928,0.1
Oc1ccccc1-c1nc(-c2ccccc2)c(-c2ccccc2)n1-c1ccccc1,0.902,0.001
Oc1ccccc1CNCCNCc1ccccc1O,0.94,5
Oc1ccccc1CNCCNCc1ccccc1O,0.87,2.5
Oc1ccccc1CNCCNCc1ccccc1O,0.69,1
Oc1ccccc1CNCCNCc1ccccc1O,0.56,0.5
Oc1ccccc1CNCCNCc1ccccc1O,0.15,0.05
Oc1ncccn1,0.546,1
OCc1ccc2[nH]cnc2c1,0.527,1
OCc1ccc2[nH]cnc2c1,0.264,0.1
OCc1ccc2[nH]cnc2c1,0.392,0.5
OCc1ccc2[nH]cnc2c1,0.734,5
OCc1cn(Cc2ccccc2)nn1,0.893,1
OCc1cn(Cc2ccccc2)nn1,0.52,0.2
OCc1cn(Cc2ccccc2)nn1,0.73,0.4
OCc1cn(Cc2ccccc2)nn1,0.764,0.6
OCc1cn(Cc2ccccc2)nn1,0.863,0.8
OCc1cn(Cc2ccncc2)nn1,0.902,1
OCc1cn(Cc2ccncc2)nn1,0.842,0.2
OCc1cn(Cc2ccncc2)nn1,0.879,0.4
OCc1cn(Cc2ccncc2)nn1,0.892,0.6
OCc1cn(Cc2ccncc2)nn1,0.899,0.8
S=C(NCc1ccccc1)NCc1ccccc1,0.78,0.01
S=C(NCc1ccccc1)NCc1ccccc1,0.96,0.1
S=C(NCc1ccccc1)NCc1ccccc1,0.51,0.005
S=C(NCc1ccccc1)NCc1ccccc1,0.96,0.2
S=C(NN=Cc1ccc(Cl)cc1)Nc1ccccc1,0.7855,0.01
S=C(NN=Cc1ccccc1)Nc1ccccc1,0.6865,0.01
SC1=NCCS1,0.958,1
Sc1nc(/N=C/c2ccco2)n[nH]1,0.85,1
Sc1nc(/N=C/c2ccco2)n[nH]1,0.63,0.1
Sc1nc(/N=C/c2ccco2)n[nH]1,0.76,0.5
Sc1nc(/N=C/c2ccco2)n[nH]1,0.9,5
Sc1nc(/N=C/c2cccs2)n[nH]1,0.87,1
Sc1nc(/N=C/c2cccs2)n[nH]1,0.75,0.1
Sc1nc(/N=C/c2cccs2)n[nH]1,0.82,0.5
Sc1nc(/N=C/c2cccs2)n[nH]1,0.93,5
Sc1nc(S)c2nc[nH]c2n1,0.854,1
Sc1ncccn1,0.595,1
Sc1nnc(Cn2cncn2)n1N=Cc1ccc(Cl)cc1,0.969,1
Cc1csc(N)n1,0.553,1
Nc1nc(=S)[nH][nH]1,0.676,1
c1ccc2n[nH]nc2c1,0.699,1
On1nnc2cccnc21,0.748,1
[N-]=[N+]=NCC(CCl)OCc1ccc(O)c2ncccc12,0.938,1
[N-]=[N+]=NCC(CCl)OCc1ccc(O)c2ncccc12,0.901,0.1
[N-]=[N+]=NCC(CCl)OCc1ccc(O)c2ncccc12,0.817,0.01
[N-]=[N+]=NCC(CN=[N+]=[N-])OCc1ccc(O)c2ncccc12,0.967,1
[N-]=[N+]=NCC(CN=[N+]=[N-])OCc1ccc(O)c2ncccc12,0.944,0.1
[N-]=[N+]=NCC(CN=[N+]=[N-])OCc1ccc(O)c2ncccc12,0.923,0.01
C(=N/c1ccc(Cc2ccc(/N=C/c3ccc4ccccc4n3)cc2)cc1)\c1ccc2ccccc2n1,0.8111,1
C(=N/c1ccc(CCc2ccc(/N=C/c3ccc4ccccc4n3)cc2)cc1)\c1ccc2ccccc2n1,0.853,1
C(=N/c1ccc(Oc2ccc(/N=C/c3ccc4ccccc4n3)cc2)cc1)\c1ccc2ccccc2n1,0.828,1
C/C(=N\c1cccc(O)c1)c1ccc(O)cc1O,0.897,1
C/C(=N\c1cccc(O)c1)c1ccc(O)cc1O,0.89,0.5
C/C(=N\c1cccc(O)c1)c1ccc(O)cc1O,0.836,0.1
C/C(=N\c1cccc(O)c1)c1ccc(O)cc1O,0.793,0.05
C/C(=N\c1ccccn1)c1ccc(O)cc1O,0.9,1
C/C(=N\c1ccccn1)c1ccc(O)cc1O,0.855,0.5
C/C(=N\c1ccccn1)c1ccc(O)cc1O,0.808,0.1
C/C(=N\c1ccccn1)c1ccc(O)cc1O,0.786,0.05
c1ccc(CNCCCN(CCN2CCCCC2)Cc2ccccn2)nc1,0.86,1
C1OC1CSc1nc(N(CC2CO2)CC2CO2)nn1CC1CO1,0.908,1
C1OC1CSc1nc(N(CC2CO2)CC2CO2)nn1CC1CO1,0.845,0.1
CC#CCn1c(N2CCCC(N)C2)nc2c1c(=O)n(Cc1nc(C)c3ccccc3n1)c(=O)n2C,0.9,2.5
CC#CCn1c(N2CCCC(N)C2)nc2c1c(=O)n(Cc1nc(C)c3ccccc3n1)c(=O)n2C,0.94,5
Cc1ccc(/C=C/C=O)cc1,0.73,1
Cc1ccc(/C=C/C=O)cc1,0.57,0.1
Cc1ccc(/C=C/C=O)cc1,0.43,0.01
Cc1ccc(/C=C/C=O)cc1,0.33,0.001
Cc1ccc(/N=C/c2c(O)ccc3ccccc23)cc1/N=C/c1c(O)ccc2ccccc12,0.9246,1
CCCCCCCCCCCCCCCCC1=NCCN1CCNCCNCC[N+](CCC(=O)c1ccccc1)(CCC(=O)c1ccccc1)C(Cl)c1ccccc1,0.858,0.0015
CCCCCCCCCCCCCCCCC1=NCCN1CCNCCNCC[N+](CCC(=O)c1ccccc1)(CCC(=O)c1ccccc1)C(Cl)c1ccccc1,0.931,0.0075
CCCCCCCCCCCCCCCCC1=NCCN1CCNCCNCC[N+](CCC(=O)c1ccccc1)(CCC(=O)c1ccccc1)C(Cl)c1ccccc1,0.982,0.03
CCCCCCCCCCCCCCCCC1=NCCN1CCNCCNCC[N+](CCC(=O)c1ccccc1)(CCC(=O)c1ccccc1)C(Cl)c1ccccc1,0.992,0.09
CCCCCCCCCCCCCCCCC1=NCCN1CCNCCNCC[N+](CCC(=O)c1ccccc1)(CCC(=O)c1ccccc1)C(Cl)c1ccccc1,0.993,0.12
CCCCCCCCCCCCCCCCC1=NCCN1CCNCCNCC[N+](CCC(=O)c1ccccc1)(CCC(=O)c1ccccc1)C(Cl)c1ccccc1,0.994,0.18
CCCCCCCCCCCCCCCCC1=NCCN1CCNCCNCC[N+](CCC(=O)c1ccccc1)(CCC(=O)c1ccccc1)C(Cl)c1ccccc1,0.996,0.48
CCCCCCCCCCCCNc1nc(NCCCN(C)C)nc(NCCCN(C)C)n1,0.9666,1
CCCCCCCCCCCCNc1nc(NCCCN(C)C)nc(NCCCN(C)C)n1,0.9167,0.5
CCCCCCCCNc1nc(NCCCN(C)C)nc(NCCCN(C)C)n1,0.9441,1
CCCCCCCCNc1nc(NCCCN(C)C)nc(NCCCN(C)C)n1,0.9301,0.5
CCCCCCCCNc1nc(NCCCN(C)C)nc(NCCCN(C)C)n1,0.9265,0.25
CCCCCCCCNc1nc(NCCCN(C)C)nc(NCCCN(C)C)n1,0.896,0.1
CCCCCCCCNc1nc(NCCCN(C)C)nc(NCCCN(C)C)n1,0.8733,0.05
CCCCCCCCNc1nc(NCCCN(C)C)nc(NCCCN(C)C)n1,0.8361,0.01
O=C(O[K])C(Cc1c[nH]cn1)/N=C\\C=C\\c1ccccc1,0.977,1
O=C(O[K])C(Cc1c[nH]cn1)/N=C\\C=C\\c1ccccc1,0.94,0.25
O=C(O[K])C(Cc1c[nH]cn1)/N=C\\C=C\\c1ccccc1,0.397,0.01
O=C(O[K])C(Cc1c[nH]cn1)/N=C\\C=C\\c1ccccc1,0.876,0.05
O=C(O[K])C(Cc1c[nH]cn1)/N=C\\C=C\\c1ccccc1,0.9,0.1
O=C(O[K])C(Cc1c[nH]cn1)/N=C\\C=C\\c1ccccc1,0.963,0.5
CCOC(=O)Cn1c(=O)c(C)nc2ccccc21,0.867,1
ClC1C=CC(/C=N/CC2=CC=C(C3C2=CC=CN=3)O)=CC=1,0.919,1
ClC1C=CC(/C=N/CC2=CC=C(C3C2=CC=CN=3)O)=CC=1,0.864,0.1
ClC1C=CC(/C=N/CC2=CC=C(C3C2=CC=CN=3)O)=CC=1,0.845,0.01
COC(=O)C1=C(N)Oc2c(ccc3cccnc23)C1c1ccc(Cl)cc1,0.895,1
COC(=O)C1=C(N)Oc2c(ccc3cccnc23)C1c1ccc(OC)cc1,0.938,1
COc1ccc(/C=C/C=O)cc1,0.86,1
COc1ccc(/C=C/C=O)cc1,0.84,0.1
COc1ccc(/C=C/C=O)cc1,0.71,0.01
COc1ccc(/C=C/C=O)cc1,0.61,0.001
COc1ccccc1C1=NOC(C)([C@@H]2CC=C(C)C(=O)C2)C1,0.9328,1
N#CC1=C(N)Oc2c(c(=O)oc3ccccc23)C1c1ccccc1,0.89,1
N(C(=S)NCCNCCNCCNCCN)C(C)=O,0.8118,1
N(C(=S)NCCNCCNCCNCCN)C(C)=O,0.7622,0.1
N(C(=S)NCCNCCNCCNCCN)C(C)=O,0.7102,0.01
N(C(=S)NCCO)C(C)=O,0.7842,1
N(C(=S)NCCO)C(C)=O,0.7179,0.1
N(C(=S)NCCO)C(C)=O,0.6611,0.01
N1=CC=CC2=CC=C3C(=C12)OC(C(=C3C1=CC=CC=C1)C#N)N,0.911,1
N1=CC=CC2=CC=C3C(=C12)OC(C(=C3C1=CC=CC=C1)C#N)N,0.737,0.1
N1=CC=CC2=CC=C3C(=C12)OC(C(=C3C1=CC=CC=C1)C#N)N,0.646,0.01
N1=CC=CC2=CC=C3C(=C12)OC(C(=C3C1=CC=CC=C1)C#N)N,0.491,0.001
N1C(C/C(=N\C2=CC=CC=C12)/C)=O,0.9022,1
N1C(C/C(=N\C2=CC=CC=C12)/C)=O,0.8719,0.5
N1C(C/C(=N\C2=CC=CC=C12)/C)=O,0.7223,0.1
N1C(C/C(=N\C2=CC=CC=C12)/C)=O,0.6493,0.01
N1C(CC(=O)NC2CCCCC12)C1C=CC=CC=1,0.93,1
N1C2=CC=CC=C2N(CC2CO2)C=1,0.928,1
N1C2C=CC=CC=2N(CC2C=CC(=CC=2)OC)C=1C1=CC=C(C=C1)OC,0.92,0.1
N1C2C=CC=CC=2N(CC2C=CC(=CC=2)OC)C=1C1=CC=C(C=C1)OC,0.9,0.05
N1C2C=CC=CC=2N(CC2C=CC(=CC=2)OC)C=1C1=CC=C(C=C1)OC,0.87,0.01
N1C2C=CC=CC=2N(CC2C=CC(=CC=2)OC)C=1C1=CC=C(C=C1)OC,0.84,0.005
NC1=CC=CC=C1C1=NC2=CC=CC=C2N1,0.7,0.1
NC1=CC=CC=C1C1=NC2=CC=CC=C2N1,0.9,0.5
NC1=CC=CC=C1C1=NC2=CC=CC=C2N1,0.95,1
NC1=CC=CC=C1C1=NC2=CC=CC=C2N1,0.97,5
Nc1ccccc1C(=O)c1ccccc1,0.7316,1
Nc1ccccc1C(=O)c1ccccc1,0.8397,1.2
Nc1ccccc1C(=O)c1ccccc1,0.8881,1.4
O(CC1CO1)C[C@@H]1[C@@H](OCC2CO2)[C@H](OCC2CO2)[C@@H](OCC2CO2)[C@H](OC)O1,0.9365,1
O(CC1CO1)C[C@@H]1[C@@H](OCC2CO2)[C@H](OCC2CO2)[C@@H](OCC2CO2)[C@H](OC)O1,0.9298,0.1
O(CC1CO1)C[C@@H]1[C@@H](OCC2CO2)[C@H](OCC2CO2)[C@@H](OCC2CO2)[C@H](OC)O1,0.9258,0.01
O(CC1CO1)C[C@@H]1[C@H](OCC2CO2)[C@H](OCC2CO2)[C@@H](OCC2CO2)[C@H](OC)O1,0.9308,1
O(CC1CO1)C[C@@H]1[C@H](OCC2CO2)[C@H](OCC2CO2)[C@@H](OCC2CO2)[C@H](OC)O1,0.9287,0.1
O(CC1CO1)C[C@@H]1[C@H](OCC2CO2)[C@H](OCC2CO2)[C@@H](OCC2CO2)[C@H](OC)O1,0.9107,0.01
O=C(C1C=C(C)N(CNC2C=NC(C)=CC=2[N+]([O-])=O)N=1)OCC,0.92,1
O=C/C=C/C1=CC=C(C=C1)N(C)C,0.9,1
O=C/C=C/c1ccccc1,0.8698,1.5
O=C1C2C(=CC=CC=2)S(=O)(=O)N1CC#C,0.8114,0.05
O=C1C2C(=CC=CC=2)S(=O)(=O)N1CC#C,0.838,0.1
O=C1C2C(=CC=CC=2)S(=O)(=O)N1CC#C,0.8977,0.5
O=C1C2C(=CC=CC=2)S(=O)(=O)N1CC#C,0.9247,1
O=c1cc(-c2ccc(O)c(-c3c(OSI)cc(O)c4c(=O)cc(-c5ccc(O)cc5)oc34)c2)oc2cc(O)cc(O)c12,0.844,0.29
O=c1cc(-c2ccc(O)c(-c3c(OSI)cc(O)c4c(=O)cc(-c5ccc(O)cc5)oc34)c2)oc2cc(O)cc(O)c12,0.888,0.6
O=C1CC(c2ccc(O)c(O)c2)c2c(cc(O)c3c2OC(c2ccc(O)c(O)c2)C(O)[C@H]3c2c(O)cc(O)c3c2OC(c2ccc(O)c(O)c2)C(O)C3)O1,0.779,0.14
O=C1CC(c2ccc(O)c(O)c2)c2c(cc(O)c3c2OC(c2ccc(O)c(O)c2)C(O)[C@H]3c2c(O)cc(O)c3c2OC(c2ccc(O)c(O)c2)C(O)C3)O1,0.8572,2
O=C1CC(c2ccc(O)c(O)c2)c2c(cc(O)c3c2OC(c2ccc(O)c(O)c2)C(O)[C@H]3c2c(O)cc(O)c3c2OC(c2ccc(O)c(O)c2)C(O)C3)O1,0.9256,0.27
O=Nc1c(O)c(/N=N/c2ccc(Cl)cc2[N+](=O)[O-])cc2ccccc12,0.8492,1.4
Oc1c(CN2CCN(Cc3ccc4c(c3)OCO4)CC2)ccc2cccnc12,0.968,1
Oc1c(CN2CCN(Cc3ccccc3)CC2)ccc2cccnc12,0.936,1
OC1C=CC=CC=1/C=N/CC1C2=CC=CN=C2C(=CC=1)O,0.827,1
OC1C=CC=CC=1/C=N/CC1C2=CC=CN=C2C(=CC=1)O,0.785,0.1
OC1C=CC=CC=1/C=N/CC1C2=CC=CN=C2C(=CC=1)O,0.743,0.01
OCCN(CCO)C(=S)NC(C)=O,0.7057,1
OCCN(CCO)C(=S)NC(C)=O,0.6573,0.1
OCCN(CCO)C(=S)NC(C)=O,0.5951,0.01
OCCN(CCO)C(=S)NC(C)=O,0.5383,0.001
CN(C)NC(=O)NCCCCCCNC(=O)NN(C)C,0.397,0.01
CN(C)NC(=O)NCCCCCCNC(=O)NN(C)C,0.505,0.1
CN(C)NC(=O)NCCCCCCNC(=O)NN(C)C,0.739,0.5
CN(C)NC(=O)NCCCCCCNC(=O)NN(C)C,0.833,1
